<environmentvariabledefinition schemaname="cup_CalenderId">
  <description default="The id of the Outlook calendar from which the team collab day event should be created">
    <label description="The id of the Outlook calendar from which the team collab day event should be created" languagecode="1033" />
  </description>
  <displayname default="Calender Id">
    <label description="Calender Id" languagecode="1033" />
  </displayname>
  <introducedversion>1.0.0.0</introducedversion>
  <iscustomizable>1</iscustomizable>
  <isrequired>0</isrequired>
  <secretstore>0</secretstore>
  <type>100000000</type>
</environmentvariabledefinition>