<environmentvariabledefinition schemaname="cup_TeamId">
  <description default="The id of the Microsoft Teams team in which all team members reside.">
    <label description="The id of the Microsoft Teams team in which all team members reside." languagecode="1033" />
  </description>
  <displayname default="Team Id">
    <label description="Team Id" languagecode="1033" />
  </displayname>
  <introducedversion>1.0.0.0</introducedversion>
  <iscustomizable>1</iscustomizable>
  <isrequired>0</isrequired>
  <secretstore>0</secretstore>
  <type>100000000</type>
</environmentvariabledefinition>