<environmentvariabledefinition schemaname="cup_ChannelDisplayName">
  <description default="The display name of the Microsoft Teams team channel in which the team members reside">
    <label description="The display name of the Microsoft Teams team channel in which the team members reside" languagecode="1033" />
  </description>
  <displayname default="Channel Display Name">
    <label description="Channel Display Name" languagecode="1033" />
  </displayname>
  <introducedversion>1.0.0.0</introducedversion>
  <iscustomizable>1</iscustomizable>
  <isrequired>0</isrequired>
  <secretstore>0</secretstore>
  <type>100000000</type>
</environmentvariabledefinition>