<environmentvariabledefinition schemaname="cup_CollabDayLocation">
  <description default="The address of the location the team collaboration day will be held at">
    <label description="The address of the location the team collaboration day will be held at" languagecode="1033" />
  </description>
  <displayname default="Collab Day Location">
    <label description="Collab Day Location" languagecode="1033" />
  </displayname>
  <introducedversion>1.0.0.0</introducedversion>
  <iscustomizable>1</iscustomizable>
  <isrequired>0</isrequired>
  <secretstore>0</secretstore>
  <type>100000000</type>
</environmentvariabledefinition>