{
  "properties": {
    "connectionReferences": {
      "shared_commondataserviceforapps_1": {
        "runtimeSource": "embedded",
        "connection": {
          "connectionReferenceLogicalName": "cup_MicrosoftDataverse"
        },
        "api": {
          "name": "shared_commondataserviceforapps"
        }
      }
    },
    "definition": {
      "$schema": "https://schema.management.azure.com/providers/Microsoft.Logic/schemas/2016-06-01/workflowdefinition.json#",
      "contentVersion": "1.0.0.0",
      "parameters": {
        "$connections": {
          "defaultValue": {},
          "type": "Object"
        },
        "$authentication": {
          "defaultValue": {},
          "type": "SecureObject"
        },
        "Language (cup_Language)": {
          "defaultValue": "NL",
          "type": "String",
          "metadata": {
            "schemaName": "cup_Language",
            "description": "The short language code that the solution should use for its correspondence. Currently supports EN and NL"
          }
        },
        "Survey Submissions (cup_SurveySubmissions)": {
          "defaultValue": true,
          "type": "Bool",
          "metadata": {
            "schemaName": "cup_SurveySubmissions",
            "description": "Whether the survey should accept submissions."
          }
        },
        "Survey POST Url (cup_SurveyPOSTUrl)": {
          "defaultValue": "https://prod-101.westeurope.logic.azure.com:443/workflows/d3cc2407513c4d558f0b7c2dd0dc5d72/triggers/manual/paths/invoke?api-version=2016-06-01&sp=%2Ftriggers%2Fmanual%2Frun&sv=1.0&sig=b54r_qds0FlA1DJ1SX4tWOXmMPFo2pgBnSC8Kxe9HvI",
          "type": "String",
          "metadata": {
            "schemaName": "cup_SurveyPOSTUrl",
            "description": "Survey POST Url"
          }
        }
      },
      "triggers": {
        "manual": {
          "metadata": {
            "operationMetadataId": "68b6431a-4b3b-496e-b694-8c8206225022"
          },
          "type": "Request",
          "kind": "Http",
          "inputs": {
            "method": "GET"
          }
        }
      },
      "actions": {
        "Condition_-_If_today_is_Thursday_or_Friday": {
          "actions": {
            "Condition_-_If_today_is_Friday": {
              "actions": {
                "Condition_-_If_now_is_before_or_equal_to_14:59": {
                  "actions": {
                    "Set_variable_-_varIsOpen_2": {
                      "runAfter": {},
                      "metadata": {
                        "operationMetadataId": "7d52f191-fbc0-4878-b838-3dd520471eee"
                      },
                      "type": "SetVariable",
                      "inputs": {
                        "name": "varIsOpen",
                        "value": "@true"
                      }
                    }
                  },
                  "runAfter": {},
                  "expression": {
                    "and": [
                      {
                        "lessOrEquals": [
                          "@int(convertFromUtc(utcNow(), 'W. Europe Standard Time', 'HH'))",
                          14
                        ]
                      },
                      {
                        "lessOrEquals": [
                          "@int(convertFromUtc(utcNow(), 'W. Europe Standard Time', 'mm'))",
                          59
                        ]
                      }
                    ]
                  },
                  "metadata": {
                    "operationMetadataId": "9c9891cf-50b2-4aff-b3e4-d2d252f2b3d6"
                  },
                  "type": "If"
                }
              },
              "runAfter": {},
              "else": {
                "actions": {
                  "Set_variable_-_Set_varIsOpen": {
                    "runAfter": {},
                    "metadata": {
                      "operationMetadataId": "e3648ca4-0924-4628-a72f-3e1e6972e768"
                    },
                    "type": "SetVariable",
                    "inputs": {
                      "name": "varIsOpen",
                      "value": "@true"
                    }
                  }
                }
              },
              "expression": {
                "equals": [
                  "@dayOfWeek(convertFromUtc(utcNow(), 'W. Europe Standard Time'))",
                  5
                ]
              },
              "metadata": {
                "operationMetadataId": "857457b2-4bd2-4552-80c8-d09930e90497"
              },
              "type": "If"
            }
          },
          "runAfter": {
            "Initialize_variable_-_varCurrentFridayAvailabilityCount": [
              "Succeeded"
            ]
          },
          "expression": {
            "and": [
              {
                "greaterOrEquals": [
                  "@dayOfWeek(convertFromUtc(utcNow(), 'W. Europe Standard Time'))",
                  4
                ]
              },
              {
                "lessOrEquals": [
                  "@dayOfWeek(convertFromUtc(utcNow(), 'W. Europe Standard Time'))",
                  5
                ]
              }
            ]
          },
          "metadata": {
            "operationMetadataId": "34e4d930-bc6b-4be0-b556-e2897a3c8436"
          },
          "type": "If"
        },
        "Condition_-_If_survey_is_open_to_submissions": {
          "actions": {
            "Response_-_Return_survey": {
              "runAfter": {
                "Compose_-_Inject_dynamic_values_in_survey_HTML": [
                  "Succeeded"
                ]
              },
              "metadata": {
                "operationMetadataId": "81fd2ee3-30f0-4c02-aa93-084b34cfb21a"
              },
              "type": "Response",
              "kind": "Http",
              "inputs": {
                "statusCode": 200,
                "headers": {
                  "Content-Type": "text/html"
                },
                "body": "@outputs('Compose_-_Inject_dynamic_values_in_survey_HTML')"
              }
            },
            "Terminate_-_Run_succeeded": {
              "runAfter": {
                "Response_-_Return_survey": [
                  "Succeeded",
                  "Failed",
                  "TimedOut"
                ]
              },
              "metadata": {
                "operationMetadataId": "d3f7379e-43c7-4991-83b9-2b02a9694ec1"
              },
              "type": "Terminate",
              "inputs": {
                "runStatus": "Succeeded"
              }
            },
            "Compose_-_Inject_dynamic_values_in_survey_HTML": {
              "runAfter": {
                "Scope_-_Fetch_dynamic_values_in_survey_HTML": [
                  "Succeeded"
                ]
              },
              "metadata": {
                "operationMetadataId": "dc07f5c1-f572-4d74-b32f-116633e70845"
              },
              "type": "Compose",
              "inputs": "@replace(replace(replace(replace(replace(replace(replace(replace(replace(replace(replace(replace(replace(replace(replace(replace(replace(replace(replace(replace(replace(replace(replace(replace(replace(replace(outputs('Compose_-_Decode_survey_HTML'), '{WEEK_NUMBER}', outputs('Compose_-_Current_week_number')), '{DAY_1_DATE}', outputs('Compose_-_First_date')), '{DAY_1_DATE_FRIENDLY}', outputs('Compose_-_First_date_friendly')), '{DAY_2_DATE}', outputs('Compose_-_Second_date')), '{DAY_2_DATE_FRIENDLY}', outputs('Compose_-_Second_date_friendly')), '{DAY_3_DATE}', outputs('Compose_-_Third_date')), '{DAY_3_DATE_FRIENDLY}', outputs('Compose_-_Third_date_friendly')), '{DAY_4_DATE}', outputs('Compose_-_Fourth_date')), '{DAY_4_DATE_FRIENDLY}', outputs('Compose_-_Fourth_date_friendly')), '{DAY_5_DATE}', outputs('Compose_-_Fifth_date')), '{DAY_5_DATE_FRIENDLY}', outputs('Compose_-_Fifth_date_friendly')), '{DATE_1_AVAILABILITY}', concat(string(variables('varCurrentMondayAvailabilityCount')), '/', string(variables('varCurrentResponseCount')))), '{DATE_2_AVAILABILITY}', concat(string(variables('varCurrentTuesdayAvailabilityCount')), '/', string(variables('varCurrentResponseCount')))), '{DATE_3_AVAILABILITY}', concat(string(variables('varCurrentWednesdayAvailabilityCount')), '/', string(variables('varCurrentResponseCount')))), '{DATE_4_AVAILABILITY}', concat(string(variables('varCurrentThursdayAvailabilityCount')), '/', string(variables('varCurrentResponseCount')))), '{DATE_5_AVAILABILITY}', concat(string(variables('varCurrentFridayAvailabilityCount')), '/', string(variables('varCurrentResponseCount')))), '{SURVEY_LOGO}', outputs('Compose_-_Survey_logo')), '{LOCALE}', toLower(parameters('Language (cup_Language)'))), '{MOOD_FRUSTRATED_ICON}', outputs('Compose_-_Mood_frustrated_icon')), '{MOOD_SAD_ICON}', outputs('Compose_-_Mood_sad_icon')), '{MOOD_INDIFFERENT_ICON}', outputs('Compose_-_Mood_indifferent_icon')), '{MOOD_HAPPY_ICON}', outputs('Compose_-_Mood_happy_icon')), '{MOOD_OVER_THE_MOON_ICON}', outputs('Compose_-_Mood_over_the_moon_icon')), '{MOOD_INSPIRED_ICON}', outputs('Compose_-_Mood_inspired_icon')), '{MOOD_SLEEPY_ICON}', outputs('Compose_-_Mood_sleepy_icon')), '{SURVEY_POST_URL}', parameters('Survey POST Url (cup_SurveyPOSTUrl)'))"
            },
            "Scope_-_Fetch_dynamic_values_in_survey_HTML": {
              "actions": {
                "Compose_-_Current_week_number": {
                  "runAfter": {},
                  "metadata": {
                    "operationMetadataId": "650ff210-357b-4488-bafe-5ecb142c948b"
                  },
                  "type": "Compose",
                  "inputs": "@string(if(less(add(div(dayOfYear(utcNow()), 7), 2), 53), add(div(dayOfYear(utcNow()), 7), 2), 1))"
                },
                "Scope_-_Determine_next_team_day_dates": {
                  "actions": {
                    "Compose_-_First_date": {
                      "runAfter": {},
                      "metadata": {
                        "operationMetadataId": "52be5459-20c7-4f3a-830d-81cb90d418e8"
                      },
                      "type": "Compose",
                      "inputs": "@formatDateTime(if(equals(dayOfWeek(utcNow()), 1), addDays(utcNow(), 7), if(equals(dayOfWeek(utcNow()), 2), addDays(utcNow(), 6), if(equals(dayOfWeek(utcNow()), 3), addDays(utcNow(), 5), if(equals(dayOfWeek(utcNow()), 4), addDays(utcNow(), 4), if(equals(dayOfWeek(utcNow()), 5), addDays(utcNow(), 3), if(equals(dayOfWeek(utcNow()), 6), addDays(utcNow(), 2), if(equals(dayOfWeek(utcNow()), 0), addDays(utcNow(), 1), null))))))), 'yyyy-MM-ddT00:00:00Z')"
                    },
                    "Compose_-_First_date_friendly": {
                      "runAfter": {
                        "Compose_-_First_date": [
                          "Succeeded"
                        ]
                      },
                      "metadata": {
                        "operationMetadataId": "e0f27f05-d90d-4573-9054-deb1cb0a9cc3"
                      },
                      "type": "Compose",
                      "inputs": "@concat(toUpper(substring(formatDateTime(outputs('Compose_-_First_date'), 'dddd d MMMM', parameters('Language (cup_Language)')), 0, 1)), substring(formatDateTime(outputs('Compose_-_First_date'), 'dddd d MMMM', parameters('Language (cup_Language)')), 1, sub(length(formatDateTime(outputs('Compose_-_First_date'), 'dddd d MMMM', parameters('Language (cup_Language)'))), 1)))"
                    },
                    "Compose_-_Second_date": {
                      "runAfter": {
                        "Compose_-_First_date_friendly": [
                          "Succeeded"
                        ]
                      },
                      "metadata": {
                        "operationMetadataId": "52be5459-20c7-4f3a-830d-81cb90d418e8"
                      },
                      "type": "Compose",
                      "inputs": "@addDays(outputs('Compose_-_First_date'), 1, 'yyyy-MM-ddT00:00:00Z')"
                    },
                    "Compose_-_Second_date_friendly": {
                      "runAfter": {
                        "Compose_-_Second_date": [
                          "Succeeded"
                        ]
                      },
                      "metadata": {
                        "operationMetadataId": "e0f27f05-d90d-4573-9054-deb1cb0a9cc3"
                      },
                      "type": "Compose",
                      "inputs": "@concat(toUpper(substring(formatDateTime(outputs('Compose_-_Second_date'), 'dddd d MMMM', parameters('Language (cup_Language)')), 0, 1)), substring(formatDateTime(outputs('Compose_-_Second_date'), 'dddd d MMMM', parameters('Language (cup_Language)')), 1, sub(length(formatDateTime(outputs('Compose_-_Second_date'), 'dddd d MMMM', parameters('Language (cup_Language)'))), 1)))"
                    },
                    "Compose_-_Third_date": {
                      "runAfter": {
                        "Compose_-_Second_date_friendly": [
                          "Succeeded"
                        ]
                      },
                      "metadata": {
                        "operationMetadataId": "52be5459-20c7-4f3a-830d-81cb90d418e8"
                      },
                      "type": "Compose",
                      "inputs": "@addDays(outputs('Compose_-_Second_date'), 1, 'yyyy-MM-ddT00:00:00Z')"
                    },
                    "Compose_-_Third_date_friendly": {
                      "runAfter": {
                        "Compose_-_Third_date": [
                          "Succeeded"
                        ]
                      },
                      "metadata": {
                        "operationMetadataId": "e0f27f05-d90d-4573-9054-deb1cb0a9cc3"
                      },
                      "type": "Compose",
                      "inputs": "@concat(toUpper(substring(formatDateTime(outputs('Compose_-_Third_date'), 'dddd d MMMM', parameters('Language (cup_Language)')), 0, 1)), substring(formatDateTime(outputs('Compose_-_Third_date'), 'dddd d MMMM', parameters('Language (cup_Language)')), 1, sub(length(formatDateTime(outputs('Compose_-_Third_date'), 'dddd d MMMM', parameters('Language (cup_Language)'))), 1)))"
                    },
                    "Compose_-_Fourth_date": {
                      "runAfter": {
                        "Compose_-_Third_date_friendly": [
                          "Succeeded"
                        ]
                      },
                      "metadata": {
                        "operationMetadataId": "52be5459-20c7-4f3a-830d-81cb90d418e8"
                      },
                      "type": "Compose",
                      "inputs": "@addDays(outputs('Compose_-_Third_date'), 1, 'yyyy-MM-ddT00:00:00Z')"
                    },
                    "Compose_-_Fourth_date_friendly": {
                      "runAfter": {
                        "Compose_-_Fourth_date": [
                          "Succeeded"
                        ]
                      },
                      "metadata": {
                        "operationMetadataId": "e0f27f05-d90d-4573-9054-deb1cb0a9cc3"
                      },
                      "type": "Compose",
                      "inputs": "@concat(toUpper(substring(formatDateTime(outputs('Compose_-_Fourth_date'), 'dddd d MMMM', parameters('Language (cup_Language)')), 0, 1)), substring(formatDateTime(outputs('Compose_-_Fourth_date'), 'dddd d MMMM', parameters('Language (cup_Language)')), 1, sub(length(formatDateTime(outputs('Compose_-_Fourth_date'), 'dddd d MMMM', parameters('Language (cup_Language)'))), 1)))"
                    },
                    "Compose_-_Fifth_date": {
                      "runAfter": {
                        "Compose_-_Fourth_date_friendly": [
                          "Succeeded"
                        ]
                      },
                      "metadata": {
                        "operationMetadataId": "52be5459-20c7-4f3a-830d-81cb90d418e8"
                      },
                      "type": "Compose",
                      "inputs": "@addDays(outputs('Compose_-_Fourth_date'), 1, 'yyyy-MM-ddT00:00:00Z')"
                    },
                    "Compose_-_Fifth_date_friendly": {
                      "runAfter": {
                        "Compose_-_Fifth_date": [
                          "Succeeded"
                        ]
                      },
                      "metadata": {
                        "operationMetadataId": "e0f27f05-d90d-4573-9054-deb1cb0a9cc3"
                      },
                      "type": "Compose",
                      "inputs": "@concat(toUpper(substring(formatDateTime(outputs('Compose_-_Fifth_date'), 'dddd d MMMM', parameters('Language (cup_Language)')), 0, 1)), substring(formatDateTime(outputs('Compose_-_Fifth_date'), 'dddd d MMMM', parameters('Language (cup_Language)')), 1, sub(length(formatDateTime(outputs('Compose_-_Fifth_date'), 'dddd d MMMM', parameters('Language (cup_Language)'))), 1)))"
                    }
                  },
                  "runAfter": {
                    "Compose_-_Current_week_number": [
                      "Succeeded"
                    ]
                  },
                  "metadata": {
                    "operationMetadataId": "adfaa6a5-f422-479f-99d9-3e8621816097"
                  },
                  "type": "Scope"
                },
                "List_rows_-_Fetch_next_team_day_availabilities": {
                  "runAfter": {
                    "Scope_-_Determine_next_team_day_dates": [
                      "Succeeded"
                    ]
                  },
                  "metadata": {
                    "operationMetadataId": "19b3033e-6608-4996-90b2-9d91e7f16360"
                  },
                  "type": "OpenApiConnection",
                  "inputs": {
                    "host": {
                      "connectionName": "shared_commondataserviceforapps_1",
                      "operationId": "ListRecords",
                      "apiId": "/providers/Microsoft.PowerApps/apis/shared_commondataserviceforapps"
                    },
                    "parameters": {
                      "entityName": "cup_availabilities",
                      "$select": "cup_partitionkey,cup_monday,cup_tuesday,cup_wednesday,cup_thursday,cup_friday,cup_mood",
                      "$filter": "cup_partitionkey eq '@{concat(formatDateTime(utcNow(), 'yyyy'), '-', outputs('Compose_-_Current_week_number'))}'"
                    },
                    "authentication": "@parameters('$authentication')",
                    "retryPolicy": {
                      "type": "none"
                    }
                  },
                  "runtimeConfiguration": {
                    "paginationPolicy": {
                      "minimumItemCount": 5000
                    }
                  }
                },
                "Condition_-_If_there_are_submitted_availabilities_for_the_next_team_day": {
                  "actions": {
                    "Set_variable_-_varCurrentFridayAvailabilityCount": {
                      "runAfter": {
                        "Filter_array_-_Filter_friday_availability": [
                          "Succeeded"
                        ]
                      },
                      "metadata": {
                        "operationMetadataId": "292a4fc2-0f94-4b49-a430-27d920b327b0"
                      },
                      "type": "SetVariable",
                      "inputs": {
                        "name": "varCurrentFridayAvailabilityCount",
                        "value": "@if(equals(empty(outputs('Filter_array_-_Filter_friday_availability')?['body']), false), length(outputs('Filter_array_-_Filter_friday_availability')?['body']), 0)"
                      }
                    },
                    "Filter_array_-_Filter_friday_availability": {
                      "runAfter": {
                        "Set_variable_-_varCurrentThursdayAvailabilityCount": [
                          "Succeeded"
                        ]
                      },
                      "metadata": {
                        "operationMetadataId": "bd75a45a-4caa-4ceb-b42f-f556514af6ac"
                      },
                      "type": "Query",
                      "inputs": {
                        "from": "@outputs('List_rows_-_Fetch_next_team_day_availabilities')?['body/value']",
                        "where": "@equals(item()?['cup_friday'], true)"
                      }
                    },
                    "Set_variable_-_varCurrentThursdayAvailabilityCount": {
                      "runAfter": {
                        "Filter_array_-_Filter_thursday_availability": [
                          "Succeeded"
                        ]
                      },
                      "metadata": {
                        "operationMetadataId": "74867b09-4f87-41eb-869b-8a5a589d53de"
                      },
                      "type": "SetVariable",
                      "inputs": {
                        "name": "varCurrentThursdayAvailabilityCount",
                        "value": "@if(equals(empty(outputs('Filter_array_-_Filter_thursday_availability')?['body']), false), length(outputs('Filter_array_-_Filter_thursday_availability')?['body']), 0)"
                      }
                    },
                    "Filter_array_-_Filter_thursday_availability": {
                      "runAfter": {
                        "Set_variable_-_varCurrentWednesdayAvailabilityCount": [
                          "Succeeded"
                        ]
                      },
                      "metadata": {
                        "operationMetadataId": "8c4f5812-4dbd-4d9c-8dbe-30ccec9a4f22"
                      },
                      "type": "Query",
                      "inputs": {
                        "from": "@outputs('List_rows_-_Fetch_next_team_day_availabilities')?['body/value']",
                        "where": "@equals(item()?['cup_thursday'], true)"
                      }
                    },
                    "Set_variable_-_varCurrentWednesdayAvailabilityCount": {
                      "runAfter": {
                        "Filter_array_-_Filter_wednesday_availability": [
                          "Succeeded"
                        ]
                      },
                      "metadata": {
                        "operationMetadataId": "69c7c5d4-675d-4805-803e-1ecd8617ff70"
                      },
                      "type": "SetVariable",
                      "inputs": {
                        "name": "varCurrentWednesdayAvailabilityCount",
                        "value": "@if(equals(empty(outputs('Filter_array_-_Filter_wednesday_availability')?['body']), false), length(outputs('Filter_array_-_Filter_wednesday_availability')?['body']), 0)"
                      }
                    },
                    "Filter_array_-_Filter_wednesday_availability": {
                      "runAfter": {
                        "Set_variable_-_varCurrentTuesdayAvailabilityCount": [
                          "Succeeded"
                        ]
                      },
                      "metadata": {
                        "operationMetadataId": "3f51191d-9e7b-4089-9f76-7c588b57970d"
                      },
                      "type": "Query",
                      "inputs": {
                        "from": "@outputs('List_rows_-_Fetch_next_team_day_availabilities')?['body/value']",
                        "where": "@equals(item()?['cup_wednesday'], true)"
                      }
                    },
                    "Set_variable_-_varCurrentTuesdayAvailabilityCount": {
                      "runAfter": {
                        "Filter_array_-_Filter_tuesday_availability": [
                          "Succeeded"
                        ]
                      },
                      "metadata": {
                        "operationMetadataId": "d58220db-70c2-4248-889a-b4b58bc9be4c"
                      },
                      "type": "SetVariable",
                      "inputs": {
                        "name": "varCurrentTuesdayAvailabilityCount",
                        "value": "@if(equals(empty(outputs('Filter_array_-_Filter_tuesday_availability')?['body']), false), length(outputs('Filter_array_-_Filter_tuesday_availability')?['body']), 0)"
                      }
                    },
                    "Filter_array_-_Filter_tuesday_availability": {
                      "runAfter": {
                        "Set_variable_-_varCurrentMondayAvailabilityCount": [
                          "Succeeded"
                        ]
                      },
                      "metadata": {
                        "operationMetadataId": "d62ca95d-4800-407d-b2d6-9c2503c85dd4"
                      },
                      "type": "Query",
                      "inputs": {
                        "from": "@outputs('List_rows_-_Fetch_next_team_day_availabilities')?['body/value']",
                        "where": "@equals(item()?['cup_tuesday'], true)"
                      }
                    },
                    "Set_variable_-_varCurrentMondayAvailabilityCount": {
                      "runAfter": {
                        "Filter_array_-_Filter_monday_availability": [
                          "Succeeded"
                        ]
                      },
                      "metadata": {
                        "operationMetadataId": "e29681ad-f19b-4bdb-b7e4-adc7bba55c71"
                      },
                      "type": "SetVariable",
                      "inputs": {
                        "name": "varCurrentMondayAvailabilityCount",
                        "value": "@if(equals(empty(outputs('Filter_array_-_Filter_monday_availability')?['body']), false), length(outputs('Filter_array_-_Filter_monday_availability')?['body']), 0)"
                      }
                    },
                    "Filter_array_-_Filter_monday_availability": {
                      "runAfter": {
                        "Set_variable_-_varCurrentResponseCount": [
                          "Succeeded"
                        ]
                      },
                      "metadata": {
                        "operationMetadataId": "35b6ac48-31ce-4552-8f46-db7902c9239b"
                      },
                      "type": "Query",
                      "inputs": {
                        "from": "@outputs('List_rows_-_Fetch_next_team_day_availabilities')?['body/value']",
                        "where": "@equals(item()?['cup_monday'], true)"
                      }
                    },
                    "Set_variable_-_varCurrentResponseCount": {
                      "runAfter": {},
                      "metadata": {
                        "operationMetadataId": "52920716-5424-40c1-9afc-23ebb2bb5763"
                      },
                      "type": "SetVariable",
                      "inputs": {
                        "name": "varCurrentResponseCount",
                        "value": "@length(outputs('List_rows_-_Fetch_next_team_day_availabilities')?['body']?['value'])"
                      }
                    }
                  },
                  "runAfter": {
                    "List_rows_-_Fetch_next_team_day_availabilities": [
                      "Succeeded"
                    ]
                  },
                  "expression": {
                    "and": [
                      {
                        "equals": [
                          "@empty(outputs('List_rows_-_Fetch_next_team_day_availabilities')?['body']?['value'])",
                          "@false"
                        ]
                      },
                      {
                        "greater": [
                          "@length(outputs('List_rows_-_Fetch_next_team_day_availabilities')?['body']?['value'])",
                          0
                        ]
                      }
                    ]
                  },
                  "metadata": {
                    "operationMetadataId": "e97cd348-25b7-48c5-90bb-328cc55553f6"
                  },
                  "type": "If"
                },
                "Scope_-_Fetch_mood_icons": {
                  "actions": {
                    "List_rows_-_Fetch_mood_frustrated_icon": {
                      "runAfter": {},
                      "metadata": {
                        "operationMetadataId": "a9dabc6a-0342-4e62-9a72-69bd05feee54"
                      },
                      "type": "OpenApiConnection",
                      "inputs": {
                        "host": {
                          "connectionName": "shared_commondataserviceforapps_1",
                          "operationId": "ListRecords",
                          "apiId": "/providers/Microsoft.PowerApps/apis/shared_commondataserviceforapps"
                        },
                        "parameters": {
                          "entityName": "webresourceset",
                          "$select": "displayname,name,content",
                          "$filter": "name eq 'cup_MoodFrustrated'",
                          "$top": 1
                        },
                        "authentication": "@parameters('$authentication')",
                        "retryPolicy": {
                          "type": "none"
                        }
                      }
                    },
                    "Compose_-_Mood_frustrated_icon": {
                      "runAfter": {
                        "List_rows_-_Fetch_mood_frustrated_icon": [
                          "Succeeded"
                        ]
                      },
                      "metadata": {
                        "operationMetadataId": "1da267a3-2e4c-45c0-a4f2-8a202b5f3a8e"
                      },
                      "type": "Compose",
                      "inputs": "@concat('data:image/png;base64,', first(outputs('List_rows_-_Fetch_mood_frustrated_icon')?['body']?['value'])?['content'])"
                    },
                    "List_rows_-_Fetch_mood_happy_icon": {
                      "runAfter": {
                        "Compose_-_Mood_frustrated_icon": [
                          "Succeeded"
                        ]
                      },
                      "metadata": {
                        "operationMetadataId": "d9139ce9-5669-4718-9ee8-35f91707ae71"
                      },
                      "type": "OpenApiConnection",
                      "inputs": {
                        "host": {
                          "connectionName": "shared_commondataserviceforapps_1",
                          "operationId": "ListRecords",
                          "apiId": "/providers/Microsoft.PowerApps/apis/shared_commondataserviceforapps"
                        },
                        "parameters": {
                          "entityName": "webresourceset",
                          "$select": "displayname,name,content",
                          "$filter": "name eq 'cup_MoodHappy'",
                          "$top": 1
                        },
                        "authentication": "@parameters('$authentication')",
                        "retryPolicy": {
                          "type": "none"
                        }
                      }
                    },
                    "Compose_-_Mood_happy_icon": {
                      "runAfter": {
                        "List_rows_-_Fetch_mood_happy_icon": [
                          "Succeeded"
                        ]
                      },
                      "metadata": {
                        "operationMetadataId": "bf006a2f-9c0f-43b7-a623-38e0a60c3140"
                      },
                      "type": "Compose",
                      "inputs": "@concat('data:image/png;base64,', first(outputs('List_rows_-_Fetch_mood_happy_icon')?['body']?['value'])?['content'])"
                    },
                    "Compose_-_Mood_indifferent_icon": {
                      "runAfter": {
                        "List_rows_-_Fetch_mood_indifferent_icon": [
                          "Succeeded"
                        ]
                      },
                      "metadata": {
                        "operationMetadataId": "a2cae8ab-d292-416f-96d2-19ac67f3e10a"
                      },
                      "type": "Compose",
                      "inputs": "@concat('data:image/png;base64,', first(outputs('List_rows_-_Fetch_mood_indifferent_icon')?['body']?['value'])?['content'])"
                    },
                    "List_rows_-_Fetch_mood_indifferent_icon": {
                      "runAfter": {
                        "Compose_-_Mood_happy_icon": [
                          "Succeeded"
                        ]
                      },
                      "metadata": {
                        "operationMetadataId": "467b0e08-6b90-4d62-a455-36a4e4a2cd90"
                      },
                      "type": "OpenApiConnection",
                      "inputs": {
                        "host": {
                          "connectionName": "shared_commondataserviceforapps_1",
                          "operationId": "ListRecords",
                          "apiId": "/providers/Microsoft.PowerApps/apis/shared_commondataserviceforapps"
                        },
                        "parameters": {
                          "entityName": "webresourceset",
                          "$select": "displayname,name,content",
                          "$filter": "name eq 'cup_MoodIndifferent'",
                          "$top": 1
                        },
                        "authentication": "@parameters('$authentication')",
                        "retryPolicy": {
                          "type": "none"
                        }
                      }
                    },
                    "List_rows_-_Fetch_mood_inspired_icon": {
                      "runAfter": {
                        "Compose_-_Mood_indifferent_icon": [
                          "Succeeded"
                        ]
                      },
                      "metadata": {
                        "operationMetadataId": "91f2a183-fc6c-4ad5-9ddc-ba6bf1f1b23c"
                      },
                      "type": "OpenApiConnection",
                      "inputs": {
                        "host": {
                          "connectionName": "shared_commondataserviceforapps_1",
                          "operationId": "ListRecords",
                          "apiId": "/providers/Microsoft.PowerApps/apis/shared_commondataserviceforapps"
                        },
                        "parameters": {
                          "entityName": "webresourceset",
                          "$select": "displayname,name,content",
                          "$filter": "name eq 'cup_MoodInspired'",
                          "$top": 1
                        },
                        "authentication": "@parameters('$authentication')",
                        "retryPolicy": {
                          "type": "none"
                        }
                      }
                    },
                    "Compose_-_Mood_inspired_icon": {
                      "runAfter": {
                        "List_rows_-_Fetch_mood_inspired_icon": [
                          "Succeeded"
                        ]
                      },
                      "metadata": {
                        "operationMetadataId": "85b35bd6-0164-4c8a-a82f-fa2b0b28a304"
                      },
                      "type": "Compose",
                      "inputs": "@concat('data:image/png;base64,', first(outputs('List_rows_-_Fetch_mood_inspired_icon')?['body']?['value'])?['content'])"
                    },
                    "List_rows_-_Fetch_mood_over_the_moon_icon": {
                      "runAfter": {
                        "Compose_-_Mood_inspired_icon": [
                          "Succeeded"
                        ]
                      },
                      "metadata": {
                        "operationMetadataId": "1d4572e1-d66e-493a-869d-24784eb2cffc"
                      },
                      "type": "OpenApiConnection",
                      "inputs": {
                        "host": {
                          "connectionName": "shared_commondataserviceforapps_1",
                          "operationId": "ListRecords",
                          "apiId": "/providers/Microsoft.PowerApps/apis/shared_commondataserviceforapps"
                        },
                        "parameters": {
                          "entityName": "webresourceset",
                          "$select": "displayname,name,content",
                          "$filter": "name eq 'cup_MoodOverthemoon'",
                          "$top": 1
                        },
                        "authentication": "@parameters('$authentication')",
                        "retryPolicy": {
                          "type": "none"
                        }
                      }
                    },
                    "Compose_-_Mood_over_the_moon_icon": {
                      "runAfter": {
                        "List_rows_-_Fetch_mood_over_the_moon_icon": [
                          "Succeeded"
                        ]
                      },
                      "metadata": {
                        "operationMetadataId": "8acedd09-8ad5-4c1b-be01-6c60c98c90ac"
                      },
                      "type": "Compose",
                      "inputs": "@concat('data:image/png;base64,', first(outputs('List_rows_-_Fetch_mood_over_the_moon_icon')?['body']?['value'])?['content'])"
                    },
                    "List_rows_-_Fetch_mood_sad_icon": {
                      "runAfter": {
                        "Compose_-_Mood_over_the_moon_icon": [
                          "Succeeded"
                        ]
                      },
                      "metadata": {
                        "operationMetadataId": "31e0469f-e7ae-4d40-9e76-70feb76bf34d"
                      },
                      "type": "OpenApiConnection",
                      "inputs": {
                        "host": {
                          "connectionName": "shared_commondataserviceforapps_1",
                          "operationId": "ListRecords",
                          "apiId": "/providers/Microsoft.PowerApps/apis/shared_commondataserviceforapps"
                        },
                        "parameters": {
                          "entityName": "webresourceset",
                          "$select": "displayname,name,content",
                          "$filter": "name eq 'cup_MoodSad'",
                          "$top": 1
                        },
                        "authentication": "@parameters('$authentication')",
                        "retryPolicy": {
                          "type": "none"
                        }
                      }
                    },
                    "Compose_-_Mood_sad_icon": {
                      "runAfter": {
                        "List_rows_-_Fetch_mood_sad_icon": [
                          "Succeeded"
                        ]
                      },
                      "metadata": {
                        "operationMetadataId": "0fa9c09a-c823-4327-876f-a01031046a19"
                      },
                      "type": "Compose",
                      "inputs": "@concat('data:image/png;base64,', first(outputs('List_rows_-_Fetch_mood_sad_icon')?['body']?['value'])?['content'])"
                    },
                    "List_rows_-_Fetch_mood_sleepy_icon": {
                      "runAfter": {
                        "Compose_-_Mood_sad_icon": [
                          "Succeeded"
                        ]
                      },
                      "metadata": {
                        "operationMetadataId": "e0a2b2f9-b81e-4fe3-9123-369fff7a257f"
                      },
                      "type": "OpenApiConnection",
                      "inputs": {
                        "host": {
                          "connectionName": "shared_commondataserviceforapps_1",
                          "operationId": "ListRecords",
                          "apiId": "/providers/Microsoft.PowerApps/apis/shared_commondataserviceforapps"
                        },
                        "parameters": {
                          "entityName": "webresourceset",
                          "$select": "displayname,name,content",
                          "$filter": "name eq 'cup_MoodSleepy'",
                          "$top": 1
                        },
                        "authentication": "@parameters('$authentication')",
                        "retryPolicy": {
                          "type": "none"
                        }
                      }
                    },
                    "Compose_-_Mood_sleepy_icon": {
                      "runAfter": {
                        "List_rows_-_Fetch_mood_sleepy_icon": [
                          "Succeeded"
                        ]
                      },
                      "metadata": {
                        "operationMetadataId": "29ae1b19-13b4-4c17-87e0-50d3c7fab4d0"
                      },
                      "type": "Compose",
                      "inputs": "@concat('data:image/png;base64,', first(outputs('List_rows_-_Fetch_mood_sleepy_icon')?['body']?['value'])?['content'])"
                    }
                  },
                  "runAfter": {
                    "Condition_-_If_there_are_submitted_availabilities_for_the_next_team_day": [
                      "Succeeded"
                    ]
                  },
                  "metadata": {
                    "operationMetadataId": "13345f70-1e7c-41a7-9da9-164747197b36"
                  },
                  "type": "Scope"
                }
              },
              "runAfter": {
                "Scope_-_Fetch_survey_HTML": [
                  "Succeeded"
                ]
              },
              "metadata": {
                "operationMetadataId": "03a6abae-78d9-47b7-971f-681e1bd4a495"
              },
              "type": "Scope"
            },
            "Scope_-_Fetch_survey_HTML": {
              "actions": {
                "List_rows_-_Fetch_survey_HTML": {
                  "runAfter": {},
                  "metadata": {
                    "operationMetadataId": "9295d1b0-4363-4bc7-b503-d65229654cd5"
                  },
                  "type": "OpenApiConnection",
                  "inputs": {
                    "host": {
                      "connectionName": "shared_commondataserviceforapps_1",
                      "operationId": "ListRecords",
                      "apiId": "/providers/Microsoft.PowerApps/apis/shared_commondataserviceforapps"
                    },
                    "parameters": {
                      "entityName": "webresourceset",
                      "$select": "displayname,name,content",
                      "$filter": "name eq 'cup_Survey'",
                      "$top": 1
                    },
                    "authentication": "@parameters('$authentication')",
                    "retryPolicy": {
                      "type": "none"
                    }
                  }
                },
                "Compose_-_Decode_survey_HTML": {
                  "runAfter": {
                    "List_rows_-_Fetch_survey_HTML": [
                      "Succeeded"
                    ]
                  },
                  "metadata": {
                    "operationMetadataId": "bf1ad78a-d556-4da9-9298-4f908be5b142"
                  },
                  "type": "Compose",
                  "inputs": "@decodeBase64(first(outputs('List_rows_-_Fetch_survey_HTML')?['body']?['value'])?['content'])"
                }
              },
              "runAfter": {},
              "metadata": {
                "operationMetadataId": "4da8b1a4-4436-41c6-9c67-76c51bcb2c82"
              },
              "type": "Scope"
            }
          },
          "runAfter": {
            "Condition_-_If_today_is_Thursday_or_Friday": [
              "Succeeded"
            ]
          },
          "else": {
            "actions": {
              "Response_-_Return_survey_closed": {
                "runAfter": {
                  "Compose_-_Inject_dynamic_values_in_survey_closed_HTML": [
                    "Succeeded"
                  ]
                },
                "metadata": {
                  "operationMetadataId": "c298783b-6226-4824-bfa6-fb6908bda7d7"
                },
                "type": "Response",
                "kind": "Http",
                "inputs": {
                  "statusCode": 200,
                  "headers": {
                    "Content-Type": "text/html"
                  },
                  "body": "@outputs('Compose_-_Inject_dynamic_values_in_survey_closed_HTML')"
                }
              },
              "Terminate_-_Run_succeeded_2": {
                "runAfter": {
                  "Response_-_Return_survey_closed": [
                    "Succeeded",
                    "Failed",
                    "TimedOut"
                  ]
                },
                "metadata": {
                  "operationMetadataId": "99c512a2-a486-4011-b1f9-871f254566f6"
                },
                "type": "Terminate",
                "inputs": {
                  "runStatus": "Succeeded"
                }
              },
              "Compose_-_Inject_dynamic_values_in_survey_closed_HTML": {
                "runAfter": {
                  "Scope_-_Fetch_survey_closed_HTML": [
                    "Succeeded"
                  ]
                },
                "metadata": {
                  "operationMetadataId": "cf962c74-b146-482b-8c80-4827f2bf8df8"
                },
                "type": "Compose",
                "inputs": "@replace(replace(outputs('Compose_-_Decode_survey_closed_HTML'), '{SURVEY_LOGO}', outputs('Compose_-_Survey_logo')), '{LOCALE}', toLower(parameters('Language (cup_Language)')))"
              },
              "Scope_-_Fetch_survey_closed_HTML": {
                "actions": {
                  "List_rows_-_Fetch_survey_closed_HTML": {
                    "runAfter": {},
                    "metadata": {
                      "operationMetadataId": "5f925c17-92a8-4085-838f-7fe6406dc9ba"
                    },
                    "type": "OpenApiConnection",
                    "inputs": {
                      "host": {
                        "connectionName": "shared_commondataserviceforapps_1",
                        "operationId": "ListRecords",
                        "apiId": "/providers/Microsoft.PowerApps/apis/shared_commondataserviceforapps"
                      },
                      "parameters": {
                        "entityName": "webresourceset",
                        "$select": "displayname,name,content",
                        "$filter": "name eq 'cup_SurveyClosed'",
                        "$top": 1
                      },
                      "authentication": "@parameters('$authentication')",
                      "retryPolicy": {
                        "type": "none"
                      }
                    }
                  },
                  "Compose_-_Decode_survey_closed_HTML": {
                    "runAfter": {
                      "List_rows_-_Fetch_survey_closed_HTML": [
                        "Succeeded"
                      ]
                    },
                    "metadata": {
                      "operationMetadataId": "660418b2-0d61-4d6c-9c2d-3bf110664749"
                    },
                    "type": "Compose",
                    "inputs": "@decodeBase64(first(outputs('List_rows_-_Fetch_survey_closed_HTML')?['body']?['value'])?['content'])"
                  }
                },
                "runAfter": {},
                "metadata": {
                  "operationMetadataId": "412a0371-dd78-438d-b88c-9eb96a616556"
                },
                "type": "Scope"
              }
            }
          },
          "expression": {
            "and": [
              {
                "equals": [
                  "@variables('varIsOpen')",
                  "@true"
                ]
              },
              {
                "equals": [
                  "@parameters('Survey Submissions (cup_SurveySubmissions)')",
                  "@true"
                ]
              }
            ]
          },
          "metadata": {
            "operationMetadataId": "60d7e8be-2c54-4431-8622-33a761f19b4c"
          },
          "type": "If"
        },
        "List_rows_-_Fetch_survey_logo": {
          "runAfter": {},
          "metadata": {
            "operationMetadataId": "950672fd-f65c-4d5d-9b1b-b2027f486535"
          },
          "type": "OpenApiConnection",
          "inputs": {
            "host": {
              "connectionName": "shared_commondataserviceforapps_1",
              "operationId": "ListRecords",
              "apiId": "/providers/Microsoft.PowerApps/apis/shared_commondataserviceforapps"
            },
            "parameters": {
              "entityName": "webresourceset",
              "$select": "displayname,name,content",
              "$filter": "name eq 'cup_SurveyLogo'",
              "$top": 1
            },
            "authentication": "@parameters('$authentication')",
            "retryPolicy": {
              "type": "none"
            }
          }
        },
        "Initialize_variable_-_varIsOpen": {
          "runAfter": {
            "Compose_-_Survey_logo": [
              "Succeeded"
            ]
          },
          "metadata": {
            "operationMetadataId": "be6d3a67-2b31-4082-8ceb-df64f6e62445"
          },
          "type": "InitializeVariable",
          "inputs": {
            "variables": [
              {
                "name": "varIsOpen",
                "type": "boolean",
                "value": "@false"
              }
            ]
          }
        },
        "Compose_-_Survey_logo": {
          "runAfter": {
            "List_rows_-_Fetch_survey_logo": [
              "Succeeded"
            ]
          },
          "metadata": {
            "operationMetadataId": "a03cdaf3-db45-4c84-9c3b-0c6665454fd6"
          },
          "type": "Compose",
          "inputs": "@concat('data:image/png;base64,', first(outputs('List_rows_-_Fetch_survey_logo')?['body']?['value'])?['content'])"
        },
        "Initialize_variable_-_varCurrentResponseCount": {
          "runAfter": {
            "Initialize_variable_-_varIsOpen": [
              "Succeeded"
            ]
          },
          "metadata": {
            "operationMetadataId": "97def41f-4f22-4d2d-afd2-1c531c9fbce4"
          },
          "type": "InitializeVariable",
          "inputs": {
            "variables": [
              {
                "name": "varCurrentResponseCount",
                "type": "integer",
                "value": 0
              }
            ]
          }
        },
        "Initialize_variable_-_varCurrentMondayAvailabilityCount": {
          "runAfter": {
            "Initialize_variable_-_varCurrentResponseCount": [
              "Succeeded"
            ]
          },
          "metadata": {
            "operationMetadataId": "83d508db-1606-4d92-b557-982adcc69da7"
          },
          "type": "InitializeVariable",
          "inputs": {
            "variables": [
              {
                "name": "varCurrentMondayAvailabilityCount",
                "type": "integer",
                "value": 0
              }
            ]
          }
        },
        "Initialize_variable_-_varCurrentTuesdayAvailabilityCount": {
          "runAfter": {
            "Initialize_variable_-_varCurrentMondayAvailabilityCount": [
              "Succeeded"
            ]
          },
          "metadata": {
            "operationMetadataId": "04546c1c-f173-4832-9643-a3fc2611ec57"
          },
          "type": "InitializeVariable",
          "inputs": {
            "variables": [
              {
                "name": "varCurrentTuesdayAvailabilityCount",
                "type": "integer",
                "value": 0
              }
            ]
          }
        },
        "Initialize_variable_-_varCurrentWednesdayAvailabilityCount": {
          "runAfter": {
            "Initialize_variable_-_varCurrentTuesdayAvailabilityCount": [
              "Succeeded"
            ]
          },
          "metadata": {
            "operationMetadataId": "e1bb2898-f4ff-4bbb-adbf-d57708f0d61d"
          },
          "type": "InitializeVariable",
          "inputs": {
            "variables": [
              {
                "name": "varCurrentWednesdayAvailabilityCount",
                "type": "integer",
                "value": 0
              }
            ]
          }
        },
        "Initialize_variable_-_varCurrentThursdayAvailabilityCount": {
          "runAfter": {
            "Initialize_variable_-_varCurrentWednesdayAvailabilityCount": [
              "Succeeded"
            ]
          },
          "metadata": {
            "operationMetadataId": "c903c26a-bb45-445e-b286-bbf725d8ba22"
          },
          "type": "InitializeVariable",
          "inputs": {
            "variables": [
              {
                "name": "varCurrentThursdayAvailabilityCount",
                "type": "integer",
                "value": 0
              }
            ]
          }
        },
        "Initialize_variable_-_varCurrentFridayAvailabilityCount": {
          "runAfter": {
            "Initialize_variable_-_varCurrentThursdayAvailabilityCount": [
              "Succeeded"
            ]
          },
          "metadata": {
            "operationMetadataId": "a6afaec2-1371-4f6a-b19f-bba8ef71a9fa"
          },
          "type": "InitializeVariable",
          "inputs": {
            "variables": [
              {
                "name": "varCurrentFridayAvailabilityCount",
                "type": "integer",
                "value": 0
              }
            ]
          }
        }
      },
      "outputs": {}
    },
    "templateName": ""
  },
  "schemaVersion": "1.0.0.0"
}