{
  "properties": {
    "connectionReferences": {
      "shared_commondataserviceforapps": {
        "runtimeSource": "embedded",
        "connection": {
          "connectionReferenceLogicalName": "cup_MicrosoftDataverse"
        },
        "api": {
          "name": "shared_commondataserviceforapps"
        }
      },
      "shared_commondataserviceforapps_1": {
        "runtimeSource": "embedded",
        "connection": {
          "connectionReferenceLogicalName": "cup_MicrosoftDataverse"
        },
        "api": {
          "name": "shared_commondataserviceforapps"
        }
      },
      "shared_office365_1": {
        "runtimeSource": "embedded",
        "connection": {
          "connectionReferenceLogicalName": "cup_Office365Outlook"
        },
        "api": {
          "name": "shared_office365"
        }
      }
    },
    "definition": {
      "$schema": "https://schema.management.azure.com/providers/Microsoft.Logic/schemas/2016-06-01/workflowdefinition.json#",
      "contentVersion": "1.0.0.0",
      "parameters": {
        "$connections": {
          "defaultValue": {},
          "type": "Object"
        },
        "$authentication": {
          "defaultValue": {},
          "type": "SecureObject"
        },
        "Language (cup_Language)": {
          "defaultValue": "NL",
          "type": "String",
          "metadata": {
            "schemaName": "cup_Language",
            "description": "The short language code that the solution should use for its correspondence. Currently supports EN and NL"
          }
        },
        "Team Members (cup_TeamMembers)": {
          "defaultValue": "admin@cupo365.gg;lennart.de.waart@wortell.nl",
          "type": "String",
          "metadata": {
            "schemaName": "cup_TeamMembers",
            "description": "The email addresses of the team members (delimited by a semicolon each) that should be included in the solution."
          }
        },
        "Calender Id (cup_CalenderId)": {
          "defaultValue": "AQMkADU0YjMwODNkLWNjADA3LTQyMDEtYmUxOC02YzhmMjQwY2JmNGUARgAAA35xiDNYLUFEgrpb6yW-w1MHAPdC5rswEZhEhuFhvG6wzkEAAAIBBgAAAPdC5rswEZhEhuFhvG6wzkEAAAJtEAAAAA==",
          "type": "String",
          "metadata": {
            "schemaName": "cup_CalenderId",
            "description": "The id of the Outlook calendar from which the team collab day event should be created"
          }
        },
        "Timezone (cup_Timezone)": {
          "defaultValue": "(UTC+01:00) Amsterdam, Berlin, Bern, Rome, Stockholm, Vienna",
          "type": "String",
          "metadata": {
            "schemaName": "cup_Timezone",
            "description": "The timezone the solution will use"
          }
        },
        "Collab Day Location (cup_CollabDayLocation)": {
          "defaultValue": "Schipholweg 641, 1175 KP LIJNDEN",
          "type": "String",
          "metadata": {
            "schemaName": "cup_CollabDayLocation",
            "description": "The address of the location the team collaboration day will be held at"
          }
        }
      },
      "triggers": {
        "Recurrence": {
          "recurrence": {
            "frequency": "Week",
            "interval": 1,
            "timeZone": "W. Europe Standard Time",
            "startTime": "2023-03-31T14:59:00Z",
            "schedule": {
              "weekDays": [
                "Friday"
              ],
              "hours": [
                "15"
              ]
            }
          },
          "metadata": {
            "operationMetadataId": "5e34b01b-0af1-46c9-942b-be1297f2c2c6"
          },
          "type": "Recurrence"
        }
      },
      "actions": {
        "Initialize_variable_-_varAvailability": {
          "runAfter": {},
          "metadata": {
            "operationMetadataId": "9d3bac1a-f5cf-49e2-a085-13bd7af435e7"
          },
          "type": "InitializeVariable",
          "inputs": {
            "variables": [
              {
                "name": "varAvailability",
                "type": "array"
              }
            ]
          }
        },
        "Scope_-_Prepare": {
          "actions": {
            "Compose_-_Week_number": {
              "runAfter": {},
              "metadata": {
                "operationMetadataId": "ded9f270-69d3-4a4c-afa0-594ba96f604b"
              },
              "type": "Compose",
              "inputs": "@string(if(less(add(div(dayOfYear(utcNow()), 7), 2), 53), add(div(dayOfYear(utcNow()), 7), 2), 1))"
            },
            "List_rows_-_Fetch_availability_for_upcoming_team_collab_day": {
              "runAfter": {
                "Compose_-_Week_number": [
                  "Succeeded"
                ]
              },
              "metadata": {
                "operationMetadataId": "5b11c33c-4ec3-44a1-9d69-84baa8729d96"
              },
              "type": "OpenApiConnection",
              "inputs": {
                "host": {
                  "connectionName": "shared_commondataserviceforapps",
                  "operationId": "ListRecords",
                  "apiId": "/providers/Microsoft.PowerApps/apis/shared_commondataserviceforapps"
                },
                "parameters": {
                  "entityName": "cup_availabilities",
                  "$select": "cup_partitionkey,cup_monday,cup_tuesday,cup_wednesday,cup_thursday,cup_friday,cup_mood",
                  "$filter": "cup_partitionkey eq '@{concat(formatDateTime(utcNow(), 'yyyy'), '-', outputs('Compose_-_Week_number'))}'"
                },
                "authentication": "@parameters('$authentication')"
              },
              "runtimeConfiguration": {
                "paginationPolicy": {
                  "minimumItemCount": 5000
                }
              }
            },
            "Condition_-_If_there_are_any_availability_responses": {
              "actions": {
                "Scope_-_Determine_availability": {
                  "actions": {
                    "Filter_array_-_Filter_Monday_availability": {
                      "runAfter": {},
                      "metadata": {
                        "operationMetadataId": "59f8a44d-02d0-459d-b88e-0d581ece3f2e"
                      },
                      "type": "Query",
                      "inputs": {
                        "from": "@outputs('List_rows_-_Fetch_availability_for_upcoming_team_collab_day')?['body/value']",
                        "where": "@equals(item()?['cup_monday'], true)"
                      }
                    },
                    "Append_to_array_variable_-_varAvailability": {
                      "runAfter": {
                        "Filter_array_-_Filter_Monday_availability": [
                          "Succeeded"
                        ]
                      },
                      "metadata": {
                        "operationMetadataId": "a8f76623-a7c6-4f0f-a424-b767f9e12e67"
                      },
                      "type": "AppendToArrayVariable",
                      "inputs": {
                        "name": "varAvailability",
                        "value": {
                          "Date": "@{addDays(utcNow(), 3, 'yyyy-MM-ddT08:00:00')}",
                          "Availability": "@if(equals(empty(outputs('Filter_array_-_Filter_Monday_availability')?['body']), false), length(outputs('Filter_array_-_Filter_Monday_availability')?['body']), 0)"
                        }
                      }
                    },
                    "Filter_array_-_Filter_Tuesday_availability": {
                      "runAfter": {
                        "Append_to_array_variable_-_varAvailability": [
                          "Succeeded"
                        ]
                      },
                      "metadata": {
                        "operationMetadataId": "434b4259-4fec-48a4-a1f0-cfa2faeccec7"
                      },
                      "type": "Query",
                      "inputs": {
                        "from": "@outputs('List_rows_-_Fetch_availability_for_upcoming_team_collab_day')?['body/value']",
                        "where": "@equals(item()?['cup_tuesday'], true)"
                      }
                    },
                    "Append_to_array_variable_-_varAvailability_2": {
                      "runAfter": {
                        "Filter_array_-_Filter_Tuesday_availability": [
                          "Succeeded"
                        ]
                      },
                      "metadata": {
                        "operationMetadataId": "bb100c77-5594-422e-a186-e4b5cc0e19b0"
                      },
                      "type": "AppendToArrayVariable",
                      "inputs": {
                        "name": "varAvailability",
                        "value": {
                          "Date": "@{addDays(utcNow(), 4, 'yyyy-MM-ddT08:00:00')}",
                          "Availability": "@if(equals(empty(outputs('Filter_array_-_Filter_Tuesday_availability')?['body']), false), length(outputs('Filter_array_-_Filter_Tuesday_availability')?['body']), 0)"
                        }
                      }
                    },
                    "Filter_array_-_Filter_Wednesday_availability": {
                      "runAfter": {
                        "Append_to_array_variable_-_varAvailability_2": [
                          "Succeeded"
                        ]
                      },
                      "metadata": {
                        "operationMetadataId": "8b5c1dd9-9f30-4e40-9e40-8e8cc3ad8d22"
                      },
                      "type": "Query",
                      "inputs": {
                        "from": "@outputs('List_rows_-_Fetch_availability_for_upcoming_team_collab_day')?['body/value']",
                        "where": "@equals(item()?['cup_wednesday'], true)"
                      }
                    },
                    "Append_to_array_variable_-_varAvailability_3": {
                      "runAfter": {
                        "Filter_array_-_Filter_Wednesday_availability": [
                          "Succeeded"
                        ]
                      },
                      "metadata": {
                        "operationMetadataId": "a1d981bd-43db-4de5-b336-0e0b1afff4a8"
                      },
                      "type": "AppendToArrayVariable",
                      "inputs": {
                        "name": "varAvailability",
                        "value": {
                          "Date": "@{addDays(utcNow(), 5, 'yyyy-MM-ddT08:00:00')}",
                          "Availability": "@if(equals(empty(outputs('Filter_array_-_Filter_Wednesday_availability')?['body']), false), length(outputs('Filter_array_-_Filter_Wednesday_availability')?['body']), 0)"
                        }
                      }
                    },
                    "Filter_array_-_Filter_Thursday_availability": {
                      "runAfter": {
                        "Append_to_array_variable_-_varAvailability_3": [
                          "Succeeded"
                        ]
                      },
                      "metadata": {
                        "operationMetadataId": "fa3461ac-db8f-4a0e-bff0-92842704dfb4"
                      },
                      "type": "Query",
                      "inputs": {
                        "from": "@outputs('List_rows_-_Fetch_availability_for_upcoming_team_collab_day')?['body/value']",
                        "where": "@equals(item()?['cup_thursday'], true)"
                      }
                    },
                    "Append_to_array_variable_-_varAvailability_4": {
                      "runAfter": {
                        "Filter_array_-_Filter_Thursday_availability": [
                          "Succeeded"
                        ]
                      },
                      "metadata": {
                        "operationMetadataId": "b1c75012-aec8-4ce0-9e3f-6006e4900b1f"
                      },
                      "type": "AppendToArrayVariable",
                      "inputs": {
                        "name": "varAvailability",
                        "value": {
                          "Date": "@{addDays(utcNow(), 6, 'yyyy-MM-ddT08:00:00')}",
                          "Availability": "@if(equals(empty(outputs('Filter_array_-_Filter_Thursday_availability')?['body']), false), length(outputs('Filter_array_-_Filter_Thursday_availability')?['body']), 0)"
                        }
                      }
                    },
                    "Filter_array_-_Filter_Friday_availability": {
                      "runAfter": {
                        "Append_to_array_variable_-_varAvailability_4": [
                          "Succeeded"
                        ]
                      },
                      "metadata": {
                        "operationMetadataId": "cc47237e-7388-4356-bdc7-f78d2fc8ae1b"
                      },
                      "type": "Query",
                      "inputs": {
                        "from": "@outputs('List_rows_-_Fetch_availability_for_upcoming_team_collab_day')?['body/value']",
                        "where": "@equals(item()?['cup_friday'], true)"
                      }
                    },
                    "Append_to_array_variable_-_varAvailability_5": {
                      "runAfter": {
                        "Filter_array_-_Filter_Friday_availability": [
                          "Succeeded"
                        ]
                      },
                      "metadata": {
                        "operationMetadataId": "b9fcd82d-2ec3-4558-8f3c-78d1dfc926ae"
                      },
                      "type": "AppendToArrayVariable",
                      "inputs": {
                        "name": "varAvailability",
                        "value": {
                          "Date": "@{addDays(utcNow(), 7, 'yyyy-MM-ddT08:00:00')}",
                          "Availability": "@if(equals(empty(outputs('Filter_array_-_Filter_Friday_availability')?['body']), false), length(outputs('Filter_array_-_Filter_Friday_availability')?['body']), 0)"
                        }
                      }
                    },
                    "Compose_-_Day_with_most_availability": {
                      "runAfter": {
                        "Compose_-_Sort_by_availability": [
                          "Succeeded"
                        ]
                      },
                      "metadata": {
                        "operationMetadataId": "db858465-c130-4f08-aec9-d2e9c2a28c8b"
                      },
                      "type": "Compose",
                      "inputs": "@last(outputs('Compose_-_Sort_by_availability'))"
                    },
                    "Compose_-_Sort_by_availability": {
                      "runAfter": {
                        "Append_to_array_variable_-_varAvailability_5": [
                          "Succeeded"
                        ]
                      },
                      "metadata": {
                        "operationMetadataId": "7b31fc92-cae6-41f4-b31d-b4d0d111da33"
                      },
                      "type": "Compose",
                      "inputs": "@sort(variables('varAvailability'), 'Availability')"
                    }
                  },
                  "runAfter": {},
                  "metadata": {
                    "operationMetadataId": "0670c69f-a621-4899-82c8-b51d2b905b2f"
                  },
                  "type": "Scope"
                },
                "Scope_-_Determine_mood": {
                  "actions": {
                    "Filter_array_-_Filter_frustrated_mood": {
                      "runAfter": {},
                      "metadata": {
                        "operationMetadataId": "dbc167f7-fa52-423d-a840-fc8616cfd1ea"
                      },
                      "type": "Query",
                      "inputs": {
                        "from": "@outputs('List_rows_-_Fetch_availability_for_upcoming_team_collab_day')?['body/value']",
                        "where": "@equals(item()?['cup_mood'], string(0))"
                      }
                    },
                    "Compose_-_Frustrated_mood_count": {
                      "runAfter": {
                        "Filter_array_-_Filter_frustrated_mood": [
                          "Succeeded"
                        ]
                      },
                      "metadata": {
                        "operationMetadataId": "f685e237-1deb-449e-9775-7cd6ddc2ab13"
                      },
                      "type": "Compose",
                      "inputs": "@if(equals(empty(body('Filter_array_-_Filter_frustrated_mood')), false), string(length(body('Filter_array_-_Filter_frustrated_mood'))), '0')"
                    },
                    "Filter_array_-_Filter_little_sad_mood": {
                      "runAfter": {
                        "Compose_-_Frustrated_mood_count": [
                          "Succeeded"
                        ]
                      },
                      "metadata": {
                        "operationMetadataId": "f5dd03da-99e2-48e4-a01b-f397daf02b13"
                      },
                      "type": "Query",
                      "inputs": {
                        "from": "@outputs('List_rows_-_Fetch_availability_for_upcoming_team_collab_day')?['body/value']",
                        "where": "@equals('', string(1))"
                      }
                    },
                    "Filter_array_-_Filter_indifferent_mood": {
                      "runAfter": {
                        "Compose_-_Little_sad_mood_count": [
                          "Succeeded"
                        ]
                      },
                      "metadata": {
                        "operationMetadataId": "52a59428-7eb2-430f-83ed-7b171e2d8dbd"
                      },
                      "type": "Query",
                      "inputs": {
                        "from": "@outputs('List_rows_-_Fetch_availability_for_upcoming_team_collab_day')?['body/value']",
                        "where": "@equals('', string(2))"
                      }
                    },
                    "Filter_array_-_Filter_little_happy_mood": {
                      "runAfter": {
                        "Compose_-_Indifferent_mood_count": [
                          "Succeeded"
                        ]
                      },
                      "metadata": {
                        "operationMetadataId": "27493579-9116-4035-b266-9255fd20247d"
                      },
                      "type": "Query",
                      "inputs": {
                        "from": "@outputs('List_rows_-_Fetch_availability_for_upcoming_team_collab_day')?['body/value']",
                        "where": "@equals('', string(3))"
                      }
                    },
                    "Filter_array_-_Filter_big_happy_mood": {
                      "runAfter": {
                        "Compose_-_Little_happy_mood_count": [
                          "Succeeded"
                        ]
                      },
                      "metadata": {
                        "operationMetadataId": "728304d6-6c68-438d-ae68-f91c85e3c8c8"
                      },
                      "type": "Query",
                      "inputs": {
                        "from": "@outputs('List_rows_-_Fetch_availability_for_upcoming_team_collab_day')?['body/value']",
                        "where": "@equals('', string(4))"
                      }
                    },
                    "Filter_array_-_Filter_inspired_mood": {
                      "runAfter": {
                        "Compose_-_Big_happy_mood_count": [
                          "Succeeded"
                        ]
                      },
                      "metadata": {
                        "operationMetadataId": "15871b2c-b5e3-44aa-b6f7-f6605b90572c"
                      },
                      "type": "Query",
                      "inputs": {
                        "from": "@outputs('List_rows_-_Fetch_availability_for_upcoming_team_collab_day')?['body/value']",
                        "where": "@equals('', string(5))"
                      }
                    },
                    "Compose_-_Little_sad_mood_count": {
                      "runAfter": {
                        "Filter_array_-_Filter_little_sad_mood": [
                          "Succeeded"
                        ]
                      },
                      "metadata": {
                        "operationMetadataId": "a4f4515a-d378-4a0b-8ff1-ab35e212063c"
                      },
                      "type": "Compose",
                      "inputs": "@if(equals(empty(body('Filter_array_-_Filter_little_sad_mood')), false), string(length(body('Filter_array_-_Filter_little_sad_mood'))), '0')"
                    },
                    "Compose_-_Indifferent_mood_count": {
                      "runAfter": {
                        "Filter_array_-_Filter_indifferent_mood": [
                          "Succeeded"
                        ]
                      },
                      "metadata": {
                        "operationMetadataId": "b4dac26e-ad43-403c-809f-b7654ce5a9f6"
                      },
                      "type": "Compose",
                      "inputs": "@if(equals(empty(body('Filter_array_-_Filter_indifferent_mood')), false), string(length(body('Filter_array_-_Filter_indifferent_mood'))), '0')"
                    },
                    "Compose_-_Little_happy_mood_count": {
                      "runAfter": {
                        "Filter_array_-_Filter_little_happy_mood": [
                          "Succeeded"
                        ]
                      },
                      "metadata": {
                        "operationMetadataId": "8f5f007c-79a7-4995-bf27-7ea7b5b3f98c"
                      },
                      "type": "Compose",
                      "inputs": "@if(equals(empty(body('Filter_array_-_Filter_little_happy_mood')), false), string(length(body('Filter_array_-_Filter_little_happy_mood'))), '0')"
                    },
                    "Compose_-_Big_happy_mood_count": {
                      "runAfter": {
                        "Filter_array_-_Filter_big_happy_mood": [
                          "Succeeded"
                        ]
                      },
                      "metadata": {
                        "operationMetadataId": "53d33d61-d614-4a8b-ab4e-364382c8890a"
                      },
                      "type": "Compose",
                      "inputs": "@if(equals(empty(body('Filter_array_-_Filter_big_happy_mood')), false), string(length(body('Filter_array_-_Filter_big_happy_mood'))), '0')"
                    },
                    "Compose_-_Inspired_mood_count": {
                      "runAfter": {
                        "Filter_array_-_Filter_inspired_mood": [
                          "Succeeded"
                        ]
                      },
                      "metadata": {
                        "operationMetadataId": "f53e4748-4ff2-4f73-9a9d-af7b9edcf87d"
                      },
                      "type": "Compose",
                      "inputs": "@if(equals(empty(body('Filter_array_-_Filter_inspired_mood')), false), string(length(body('Filter_array_-_Filter_inspired_mood'))), '0')"
                    },
                    "Filter_array_-_Filter_sleepy_mood": {
                      "runAfter": {
                        "Compose_-_Inspired_mood_count": [
                          "Succeeded"
                        ]
                      },
                      "metadata": {
                        "operationMetadataId": "15871b2c-b5e3-44aa-b6f7-f6605b90572c"
                      },
                      "type": "Query",
                      "inputs": {
                        "from": "@outputs('List_rows_-_Fetch_availability_for_upcoming_team_collab_day')?['body/value']",
                        "where": "@equals('', string(6))"
                      }
                    },
                    "Compose_-_Sleepy_mood_count": {
                      "runAfter": {
                        "Filter_array_-_Filter_sleepy_mood": [
                          "Succeeded"
                        ]
                      },
                      "metadata": {
                        "operationMetadataId": "f53e4748-4ff2-4f73-9a9d-af7b9edcf87d"
                      },
                      "type": "Compose",
                      "inputs": "@if(equals(empty(body('Filter_array_-_Filter_sleepy_mood')), false), string(length(body('Filter_array_-_Filter_sleepy_mood'))), '0')"
                    }
                  },
                  "runAfter": {
                    "Scope_-_Determine_availability": [
                      "Succeeded"
                    ]
                  },
                  "metadata": {
                    "operationMetadataId": "fb110da0-5e42-4aa8-9258-fd41d1714580"
                  },
                  "type": "Scope"
                },
                "Scope_-_Fetch_mood_icons": {
                  "actions": {
                    "List_rows_-_Fetch_mood_frustrated_icon": {
                      "runAfter": {},
                      "metadata": {
                        "operationMetadataId": "a9dabc6a-0342-4e62-9a72-69bd05feee54"
                      },
                      "type": "OpenApiConnection",
                      "inputs": {
                        "host": {
                          "connectionName": "shared_commondataserviceforapps_1",
                          "operationId": "ListRecords",
                          "apiId": "/providers/Microsoft.PowerApps/apis/shared_commondataserviceforapps"
                        },
                        "parameters": {
                          "entityName": "webresourceset",
                          "$select": "displayname,name,content",
                          "$filter": "name eq 'cup_MoodFrustrated'",
                          "$top": 1
                        },
                        "authentication": "@parameters('$authentication')",
                        "retryPolicy": {
                          "type": "none"
                        }
                      }
                    },
                    "Compose_-_Mood_frustrated_icon": {
                      "runAfter": {
                        "List_rows_-_Fetch_mood_frustrated_icon": [
                          "Succeeded"
                        ]
                      },
                      "metadata": {
                        "operationMetadataId": "1da267a3-2e4c-45c0-a4f2-8a202b5f3a8e"
                      },
                      "type": "Compose",
                      "inputs": "@concat('data:image/png;base64,', first(outputs('List_rows_-_Fetch_mood_frustrated_icon')?['body']?['value'])?['content'])"
                    },
                    "List_rows_-_Fetch_mood_happy_icon": {
                      "runAfter": {
                        "Compose_-_Mood_frustrated_icon": [
                          "Succeeded"
                        ]
                      },
                      "metadata": {
                        "operationMetadataId": "d9139ce9-5669-4718-9ee8-35f91707ae71"
                      },
                      "type": "OpenApiConnection",
                      "inputs": {
                        "host": {
                          "connectionName": "shared_commondataserviceforapps_1",
                          "operationId": "ListRecords",
                          "apiId": "/providers/Microsoft.PowerApps/apis/shared_commondataserviceforapps"
                        },
                        "parameters": {
                          "entityName": "webresourceset",
                          "$select": "displayname,name,content",
                          "$filter": "name eq 'cup_MoodHappy'",
                          "$top": 1
                        },
                        "authentication": "@parameters('$authentication')",
                        "retryPolicy": {
                          "type": "none"
                        }
                      }
                    },
                    "Compose_-_Mood_happy_icon": {
                      "runAfter": {
                        "List_rows_-_Fetch_mood_happy_icon": [
                          "Succeeded"
                        ]
                      },
                      "metadata": {
                        "operationMetadataId": "bf006a2f-9c0f-43b7-a623-38e0a60c3140"
                      },
                      "type": "Compose",
                      "inputs": "@concat('data:image/png;base64,', first(outputs('List_rows_-_Fetch_mood_happy_icon')?['body']?['value'])?['content'])"
                    },
                    "Compose_-_Mood_indifferent_icon": {
                      "runAfter": {
                        "List_rows_-_Fetch_mood_indifferent_icon": [
                          "Succeeded"
                        ]
                      },
                      "metadata": {
                        "operationMetadataId": "a2cae8ab-d292-416f-96d2-19ac67f3e10a"
                      },
                      "type": "Compose",
                      "inputs": "@concat('data:image/png;base64,', first(outputs('List_rows_-_Fetch_mood_indifferent_icon')?['body']?['value'])?['content'])"
                    },
                    "List_rows_-_Fetch_mood_indifferent_icon": {
                      "runAfter": {
                        "Compose_-_Mood_happy_icon": [
                          "Succeeded"
                        ]
                      },
                      "metadata": {
                        "operationMetadataId": "467b0e08-6b90-4d62-a455-36a4e4a2cd90"
                      },
                      "type": "OpenApiConnection",
                      "inputs": {
                        "host": {
                          "connectionName": "shared_commondataserviceforapps_1",
                          "operationId": "ListRecords",
                          "apiId": "/providers/Microsoft.PowerApps/apis/shared_commondataserviceforapps"
                        },
                        "parameters": {
                          "entityName": "webresourceset",
                          "$select": "displayname,name,content",
                          "$filter": "name eq 'cup_MoodIndifferent'",
                          "$top": 1
                        },
                        "authentication": "@parameters('$authentication')",
                        "retryPolicy": {
                          "type": "none"
                        }
                      }
                    },
                    "List_rows_-_Fetch_mood_inspired_icon": {
                      "runAfter": {
                        "Compose_-_Mood_indifferent_icon": [
                          "Succeeded"
                        ]
                      },
                      "metadata": {
                        "operationMetadataId": "91f2a183-fc6c-4ad5-9ddc-ba6bf1f1b23c"
                      },
                      "type": "OpenApiConnection",
                      "inputs": {
                        "host": {
                          "connectionName": "shared_commondataserviceforapps_1",
                          "operationId": "ListRecords",
                          "apiId": "/providers/Microsoft.PowerApps/apis/shared_commondataserviceforapps"
                        },
                        "parameters": {
                          "entityName": "webresourceset",
                          "$select": "displayname,name,content",
                          "$filter": "name eq 'cup_MoodInspired'",
                          "$top": 1
                        },
                        "authentication": "@parameters('$authentication')",
                        "retryPolicy": {
                          "type": "none"
                        }
                      }
                    },
                    "Compose_-_Mood_inspired_icon": {
                      "runAfter": {
                        "List_rows_-_Fetch_mood_inspired_icon": [
                          "Succeeded"
                        ]
                      },
                      "metadata": {
                        "operationMetadataId": "85b35bd6-0164-4c8a-a82f-fa2b0b28a304"
                      },
                      "type": "Compose",
                      "inputs": "@concat('data:image/png;base64,', first(outputs('List_rows_-_Fetch_mood_inspired_icon')?['body']?['value'])?['content'])"
                    },
                    "List_rows_-_Fetch_mood_over_the_moon_icon": {
                      "runAfter": {
                        "Compose_-_Mood_inspired_icon": [
                          "Succeeded"
                        ]
                      },
                      "metadata": {
                        "operationMetadataId": "1d4572e1-d66e-493a-869d-24784eb2cffc"
                      },
                      "type": "OpenApiConnection",
                      "inputs": {
                        "host": {
                          "connectionName": "shared_commondataserviceforapps_1",
                          "operationId": "ListRecords",
                          "apiId": "/providers/Microsoft.PowerApps/apis/shared_commondataserviceforapps"
                        },
                        "parameters": {
                          "entityName": "webresourceset",
                          "$select": "displayname,name,content",
                          "$filter": "name eq 'cup_MoodOverthemoon'",
                          "$top": 1
                        },
                        "authentication": "@parameters('$authentication')",
                        "retryPolicy": {
                          "type": "none"
                        }
                      }
                    },
                    "Compose_-_Mood_over_the_moon_icon": {
                      "runAfter": {
                        "List_rows_-_Fetch_mood_over_the_moon_icon": [
                          "Succeeded"
                        ]
                      },
                      "metadata": {
                        "operationMetadataId": "8acedd09-8ad5-4c1b-be01-6c60c98c90ac"
                      },
                      "type": "Compose",
                      "inputs": "@concat('data:image/png;base64,', first(outputs('List_rows_-_Fetch_mood_over_the_moon_icon')?['body']?['value'])?['content'])"
                    },
                    "List_rows_-_Fetch_mood_sad_icon": {
                      "runAfter": {
                        "Compose_-_Mood_over_the_moon_icon": [
                          "Succeeded"
                        ]
                      },
                      "metadata": {
                        "operationMetadataId": "31e0469f-e7ae-4d40-9e76-70feb76bf34d"
                      },
                      "type": "OpenApiConnection",
                      "inputs": {
                        "host": {
                          "connectionName": "shared_commondataserviceforapps_1",
                          "operationId": "ListRecords",
                          "apiId": "/providers/Microsoft.PowerApps/apis/shared_commondataserviceforapps"
                        },
                        "parameters": {
                          "entityName": "webresourceset",
                          "$select": "displayname,name,content",
                          "$filter": "name eq 'cup_MoodSad'",
                          "$top": 1
                        },
                        "authentication": "@parameters('$authentication')",
                        "retryPolicy": {
                          "type": "none"
                        }
                      }
                    },
                    "Compose_-_Mood_sad_icon": {
                      "runAfter": {
                        "List_rows_-_Fetch_mood_sad_icon": [
                          "Succeeded"
                        ]
                      },
                      "metadata": {
                        "operationMetadataId": "0fa9c09a-c823-4327-876f-a01031046a19"
                      },
                      "type": "Compose",
                      "inputs": "@concat('data:image/png;base64,', first(outputs('List_rows_-_Fetch_mood_sad_icon')?['body']?['value'])?['content'])"
                    },
                    "List_rows_-_Fetch_mood_sleepy_icon": {
                      "runAfter": {
                        "Compose_-_Mood_sad_icon": [
                          "Succeeded"
                        ]
                      },
                      "metadata": {
                        "operationMetadataId": "e0a2b2f9-b81e-4fe3-9123-369fff7a257f"
                      },
                      "type": "OpenApiConnection",
                      "inputs": {
                        "host": {
                          "connectionName": "shared_commondataserviceforapps_1",
                          "operationId": "ListRecords",
                          "apiId": "/providers/Microsoft.PowerApps/apis/shared_commondataserviceforapps"
                        },
                        "parameters": {
                          "entityName": "webresourceset",
                          "$select": "displayname,name,content",
                          "$filter": "name eq 'cup_MoodSleepy'",
                          "$top": 1
                        },
                        "authentication": "@parameters('$authentication')",
                        "retryPolicy": {
                          "type": "none"
                        }
                      }
                    },
                    "Compose_-_Mood_sleepy_icon": {
                      "runAfter": {
                        "List_rows_-_Fetch_mood_sleepy_icon": [
                          "Succeeded"
                        ]
                      },
                      "metadata": {
                        "operationMetadataId": "29ae1b19-13b4-4c17-87e0-50d3c7fab4d0"
                      },
                      "type": "Compose",
                      "inputs": "@concat('data:image/png;base64,', first(outputs('List_rows_-_Fetch_mood_sleepy_icon')?['body']?['value'])?['content'])"
                    }
                  },
                  "runAfter": {
                    "Scope_-_Determine_mood": [
                      "Succeeded"
                    ]
                  },
                  "metadata": {
                    "operationMetadataId": "13345f70-1e7c-41a7-9da9-164747197b36"
                  },
                  "type": "Scope"
                }
              },
              "runAfter": {
                "List_rows_-_Fetch_availability_for_upcoming_team_collab_day": [
                  "Succeeded"
                ]
              },
              "else": {
                "actions": {
                  "Terminate_-_Run_succeeded": {
                    "runAfter": {},
                    "metadata": {
                      "operationMetadataId": "5e4e3500-6ef9-4dec-9267-cbff542673c5"
                    },
                    "type": "Terminate",
                    "inputs": {
                      "runStatus": "Succeeded"
                    }
                  }
                }
              },
              "expression": {
                "and": [
                  {
                    "equals": [
                      "@empty(outputs('List_rows_-_Fetch_availability_for_upcoming_team_collab_day')?['body']?['value'])",
                      "@false"
                    ]
                  },
                  {
                    "greater": [
                      "@length(outputs('List_rows_-_Fetch_availability_for_upcoming_team_collab_day')?['body']?['value'])",
                      0
                    ]
                  }
                ]
              },
              "metadata": {
                "operationMetadataId": "a4667488-6e14-4a22-8bd1-43186f92591f"
              },
              "type": "If"
            }
          },
          "runAfter": {
            "Initialize_variable_-_varAvailability": [
              "Succeeded"
            ]
          },
          "metadata": {
            "operationMetadataId": "f5f4ef1b-1530-4719-917d-10416dc1552a"
          },
          "type": "Scope"
        },
        "Condition_-_If_there_is_enough_availability": {
          "actions": {
            "Create_event_(V4)_-_Create_team_day_event": {
              "runAfter": {},
              "metadata": {
                "operationMetadataId": "cc5b52d4-c631-409f-8c58-f6a505f31dda"
              },
              "type": "OpenApiConnection",
              "inputs": {
                "host": {
                  "connectionName": "shared_office365_1",
                  "operationId": "V4CalendarPostItem",
                  "apiId": "/providers/Microsoft.PowerApps/apis/shared_office365"
                },
                "parameters": {
                  "table": "@parameters('Calender Id (cup_CalenderId)')",
                  "item/subject": "@concat(if(equals(parameters('Language (cup_Language)'), 'NL'), 'Samenwerkdag - week', 'Team collab day - week'), ' ', outputs('Compose_-_Week_number'))",
                  "item/start": "@outputs('Compose_-_Day_with_most_availability')?['Date']",
                  "item/end": "@addHours(outputs('Compose_-_Day_with_most_availability')?['Date'], 10)",
                  "item/timeZone": "@parameters('Timezone (cup_Timezone)')",
                  "item/optionalAttendees": "@parameters('Team Members (cup_TeamMembers)')",
                  "item/body": "<p>\n    @{if(equals(parameters('Language (cup_Language)'), 'NL'), 'Huidige teamspirit', 'Current team spirit')}:<br>\n    <div title=\"@{if(equals(parameters('Language (cup_Language)'), 'NL'), 'Gefrustreerd', 'Frustrated')}\">\n    <img src=\"@{outputs('Compose_-_Mood_frustrated_icon')}\" alt=\"@{if(equals(parameters('Language (cup_Language)'), 'NL'), 'Gefrustreerd', 'Frustrated')}\" width=\"90\" height=\"60\">\n    <label style=\"font-size: 20px;font-weight: 700;\">@{outputs('Compose_-_Frustrated_mood_count')}</label>\n    </div>\n    <div title=\"@{if(equals(parameters('Language (cup_Language)'), 'NL'), 'Beetje sipjes', 'A bit sad')}\">\n    <img src=\"@{outputs('Compose_-_Mood_sad_icon')}\" alt=\"@{if(equals(parameters('Language (cup_Language)'), 'NL'), 'Beetje sipjes', 'A bit sad')}\" width=\"90\" height=\"60\">\n    <label style=\"font-size: 20px;font-weight: 700;\">@{outputs('Compose_-_Little_sad_mood_count')}</label>\n    </div>\n    <div title=\"@{if(equals(parameters('Language (cup_Language)'), 'NL'), 'Onverschillig', 'Indifferent')}\">\n    <img src=\"@{outputs('Compose_-_Mood_indifferent_icon')}\" alt=\"@{if(equals(parameters('Language (cup_Language)'), 'NL'), 'Onverschillig', 'Indifferent')}\" width=\"90\" height=\"60\">\n    <label style=\"font-size: 20px;font-weight: 700;\">@{outputs('Compose_-_Indifferent_mood_count')}</label>\n    </div>\n    <div title=\"@{if(equals(parameters('Language (cup_Language)'), 'NL'), 'Kleine blij', 'Happy')}\">\n    <img src=\"@{outputs('Compose_-_Mood_happy_icon')}\" alt=\"@{if(equals(parameters('Language (cup_Language)'), 'NL'), 'Kleine blij', 'Happy')}\" width=\"90\" height=\"60\">\n    <label style=\"font-size: 20px;font-weight: 700;\">@{outputs('Compose_-_Little_happy_mood_count')}</label>\n    </div>\n    <div title=\"@{if(equals(parameters('Language (cup_Language)'), 'NL'), 'Grote blij', 'Over the moon')}\">\n    <img src=\"@{outputs('Compose_-_Mood_over_the_moon_icon')}\" alt=\"@{if(equals(parameters('Language (cup_Language)'), 'NL'), 'Grote blij', 'Over the moon')}\" width=\"90\" height=\"60\">\n    <label style=\"font-size: 20px;font-weight: 700;\">@{outputs('Compose_-_Big_happy_mood_count')}</label>\n    </div>\n    <div title=\"@{if(equals(parameters('Language (cup_Language)'), 'NL'), 'Geïnspireerd', 'Inspired')}\">\n    <img src=\"@{outputs('Compose_-_Mood_inspired_icon')}\" alt=\"@{if(equals(parameters('Language (cup_Language)'), 'NL'), 'Geïnspireerd', 'Inspired')}\" width=\"90\" height=\"90\">\n    <label style=\"font-size: 20px;font-weight: 700;\">@{outputs('Compose_-_Inspired_mood_count')}</label>\n    </div>\n    <div title=\"@{if(equals(parameters('Language (cup_Language)'), 'NL'), 'Ik mis mijn bed', 'I miss my bed')}\">\n    <img src=\"@{outputs('Compose_-_Mood_sleepy_icon')}\" alt=\"@{if(equals(parameters('Language (cup_Language)'), 'NL'), 'Ik mis mijn bed', 'I miss my bed')}\" width=\"110\" height=\"60\">\n    <label style=\"font-size: 20px;font-weight: 700;\">@{outputs('Compose_-_Sleepy_mood_count')}</label>\n    </div>\n</p>",
                  "item/location": "@parameters('Collab Day Location (cup_CollabDayLocation)')",
                  "item/importance": "normal",
                  "item/isAllDay": false,
                  "item/recurrence": "none",
                  "item/reminderMinutesBeforeStart": 15,
                  "item/isReminderOn": true,
                  "item/showAs": "free"
                },
                "authentication": "@parameters('$authentication')"
              }
            }
          },
          "runAfter": {
            "Scope_-_Prepare": [
              "Succeeded"
            ]
          },
          "expression": {
            "greater": [
              "@outputs('Compose_-_Day_with_most_availability')?['Availability']",
              1
            ]
          },
          "metadata": {
            "operationMetadataId": "8336c9e6-76b0-48cf-a416-da57460f1399"
          },
          "type": "If"
        }
      },
      "outputs": {}
    },
    "templateName": ""
  },
  "schemaVersion": "1.0.0.0"
}