{
  "properties": {
    "connectionReferences": {
      "shared_teams_1": {
        "runtimeSource": "embedded",
        "connection": {
          "connectionReferenceLogicalName": "cup_MicrosoftTeams"
        },
        "api": {
          "name": "shared_teams"
        }
      },
      "shared_office365groups_1": {
        "runtimeSource": "embedded",
        "connection": {
          "connectionReferenceLogicalName": "cup_Office365Groups"
        },
        "api": {
          "name": "shared_office365groups"
        }
      }
    },
    "definition": {
      "$schema": "https://schema.management.azure.com/providers/Microsoft.Logic/schemas/2016-06-01/workflowdefinition.json#",
      "contentVersion": "1.0.0.0",
      "parameters": {
        "$connections": {
          "defaultValue": {},
          "type": "Object"
        },
        "$authentication": {
          "defaultValue": {},
          "type": "SecureObject"
        },
        "Team Id (cup_TeamId)": {
          "defaultValue": "49415b53-f22f-4ca9-aafd-32212d6900c2",
          "type": "String",
          "metadata": {
            "schemaName": "cup_TeamId",
            "description": "The id of the Microsoft Teams team in which all team members reside."
          }
        },
        "Channel Display Name (cup_ChannelDisplayName)": {
          "defaultValue": "Collab day",
          "type": "String",
          "metadata": {
            "schemaName": "cup_ChannelDisplayName",
            "description": "The display name of the Microsoft Teams team channel in which the team members reside"
          }
        },
        "Language (cup_Language)": {
          "defaultValue": "EN",
          "type": "String",
          "metadata": {
            "schemaName": "cup_Language",
            "description": "The short language code that the solution should use for its correspondence. Currently supports EN and NL"
          }
        },
        "Survey GET Url (cup_SurveyGETUrl)": {
          "defaultValue": "https://prod-64.westeurope.logic.azure.com:443/workflows/67bfb86ad027411d8e0413d2f6e1e4e6/triggers/manual/paths/invoke?api-version=2016-06-01&sp=%2Ftriggers%2Fmanual%2Frun&sv=1.0&sig=2pk8aOkCqLjE9C-TAq0y3vZeHyfrwN3K1h1ZVkWY95Y",
          "type": "String",
          "metadata": {
            "schemaName": "cup_SurveyGETUrl",
            "description": "Survey GET Url"
          }
        }
      },
      "triggers": {
        "Recurrence": {
          "recurrence": {
            "frequency": "Week",
            "interval": 1,
            "timeZone": "W. Europe Standard Time",
            "schedule": {
              "weekDays": [
                "Thursday"
              ],
              "hours": [
                "8"
              ]
            }
          },
          "metadata": {
            "operationMetadataId": "ab99ee7c-2969-4a53-953c-addc82684000"
          },
          "type": "Recurrence"
        }
      },
      "actions": {
        "Scope_-_Prepare": {
          "actions": {
            "Compose_-_Current_week_number": {
              "runAfter": {},
              "metadata": {
                "operationMetadataId": "650ff210-357b-4488-bafe-5ecb142c948b"
              },
              "type": "Compose",
              "inputs": "@string(if(less(add(div(dayOfYear(utcNow()), 7), 2), 53), add(div(dayOfYear(utcNow()), 7), 2), 1))"
            },
            "List_channels_-_Get_team_channels": {
              "runAfter": {
                "Compose_-_Current_week_number": [
                  "Succeeded"
                ]
              },
              "metadata": {
                "operationMetadataId": "6d95c8d9-5899-4c10-9d5e-9069f7c90900"
              },
              "type": "OpenApiConnection",
              "inputs": {
                "host": {
                  "connectionName": "shared_teams_1",
                  "operationId": "GetChannelsForGroup",
                  "apiId": "/providers/Microsoft.PowerApps/apis/shared_teams"
                },
                "parameters": {
                  "groupId": "@parameters('Team Id (cup_TeamId)')"
                },
                "authentication": "@parameters('$authentication')"
              }
            },
            "Filter_array_-_Filter_team_channel": {
              "runAfter": {
                "List_channels_-_Get_team_channels": [
                  "Succeeded"
                ]
              },
              "metadata": {
                "operationMetadataId": "8e67c8c0-eab6-4783-80ad-06e76ecd2933"
              },
              "type": "Query",
              "inputs": {
                "from": "@outputs('List_channels_-_Get_team_channels')?['body/value']",
                "where": "@equals(item()?['displayName'], parameters('Channel Display Name (cup_ChannelDisplayName)'))"
              }
            },
            "Condition_-_If_team_channel_was_found": {
              "actions": {
                "Compose_-_Team_channel": {
                  "runAfter": {},
                  "metadata": {
                    "operationMetadataId": "3d4b36e0-8f4e-404f-abfe-a526c3002c9e"
                  },
                  "type": "Compose",
                  "inputs": "@first(body('Filter_array_-_Filter_team_channel'))"
                }
              },
              "runAfter": {
                "Filter_array_-_Filter_team_channel": [
                  "Succeeded"
                ]
              },
              "else": {
                "actions": {
                  "Terminate_-_Run_failed": {
                    "runAfter": {},
                    "metadata": {
                      "operationMetadataId": "77da42eb-8bf7-4cf8-8bc1-c5e083b995ad"
                    },
                    "type": "Terminate",
                    "inputs": {
                      "runStatus": "Failed",
                      "runError": {
                        "code": "424",
                        "message": "Failed to fetch Teams channel"
                      }
                    }
                  }
                }
              },
              "expression": {
                "and": [
                  {
                    "equals": [
                      "@empty(body('Filter_array_-_Filter_team_channel'))",
                      "@false"
                    ]
                  },
                  {
                    "equals": [
                      "@length(body('Filter_array_-_Filter_team_channel'))",
                      1
                    ]
                  }
                ]
              },
              "metadata": {
                "operationMetadataId": "3ab73707-a949-4873-98ca-bc2e0c1bb2a3"
              },
              "type": "If"
            }
          },
          "runAfter": {},
          "metadata": {
            "operationMetadataId": "7138b3ee-6abe-4115-b369-ec39e4422e4c"
          },
          "type": "Scope"
        },
        "Send_an_HTTP_request_-_POST_poll_message_in_team_channel": {
          "runAfter": {
            "Scope_-_Prepare": [
              "Succeeded"
            ]
          },
          "metadata": {
            "operationMetadataId": "389f9a80-cb92-44b5-99a0-ddfdbe205b7c"
          },
          "type": "OpenApiConnection",
          "inputs": {
            "host": {
              "connectionName": "shared_office365groups_1",
              "operationId": "HttpRequest",
              "apiId": "/providers/Microsoft.PowerApps/apis/shared_office365groups"
            },
            "parameters": {
              "Uri": "https://graph.microsoft.com/v1.0/teams/@{parameters('Team Id (cup_TeamId)')}/channels/@{outputs('Compose_-_Team_channel')?['Id']}/messages",
              "Method": "POST",
              "Body": "{\n  \"body\": {\n    \"contentType\": \"html\",\n    \"content\": \"@{if(equals(parameters('Language (cup_Language)'), 'NL'), concat('Hi <at id=\\\"0\\\">', parameters('Channel Display Name (cup_ChannelDisplayName)'), '</at>, zouden jullie via de onderstaande link jullie beschikbaarheid voor de samenwerkdag van week ', outputs('Compose_-_Current_week_number'), ' willen doorgeven? Alvast bedankt!<br><br><a href=\\\"', parameters('Survey GET Url (cup_SurveyGETUrl)'),'\\\">Geef je beschikbaarheid door</a><div style=\\\"display: none;\\\">', formatDateTime(utcNow(), 'yyyyMMdd'), '</div>'), concat('Hi <at id=\\\"0\\\">', parameters('Channel Display Name (cup_ChannelDisplayName)'), '</at>, could you fill in your availability for the team collab day week ', outputs('Compose_-_Current_week_number'), ' in the survey linked below? Thanks in advance!<br><br><a href=\\\"', parameters('Survey GET Url (cup_SurveyGETUrl)'),'\\\">Fill in your availability</a><div style=\\\"display: none;\\\">', formatDateTime(utcNow(), 'yyyyMMdd'), '</div>'))}\"\n  },\n  \"mentions\": [\n    {\n      \"id\": 0,\n      \"mentionText\": \"@{parameters('Channel Display Name (cup_ChannelDisplayName)')}\",\n      \"mentioned\": {\n        \"conversation\": {\n          \"id\": \"@{outputs('Compose_-_Team_channel')?['Id']}\",\n          \"displayName\": \"@{parameters('Channel Display Name (cup_ChannelDisplayName)')}\",\n          \"@odata.type\": \"microsoft.graph.teamworkConversationIdentity\",\n          \"conversationIdentityType\": \"channel\"\n        }\n      }\n    }\n  ]\n}",
              "ContentType": "application/json"
            },
            "authentication": "@parameters('$authentication')"
          }
        }
      },
      "outputs": {}
    },
    "templateName": ""
  },
  "schemaVersion": "1.0.0.0"
}