{
  "properties": {
    "connectionReferences": {
      "shared_commondataserviceforapps": {
        "runtimeSource": "embedded",
        "connection": {
          "connectionReferenceLogicalName": "cup_MicrosoftDataverse"
        },
        "api": {
          "name": "shared_commondataserviceforapps"
        }
      }
    },
    "definition": {
      "$schema": "https://schema.management.azure.com/providers/Microsoft.Logic/schemas/2016-06-01/workflowdefinition.json#",
      "contentVersion": "1.0.0.0",
      "parameters": {
        "$connections": {
          "defaultValue": {},
          "type": "Object"
        },
        "$authentication": {
          "defaultValue": {},
          "type": "SecureObject"
        }
      },
      "triggers": {
        "manual": {
          "metadata": {
            "operationMetadataId": "856565c8-64f9-43f3-abae-df02317cd7c6"
          },
          "type": "Request",
          "kind": "Http",
          "inputs": {
            "schema": {
              "type": "object",
              "properties": {
                "availability": {
                  "type": "array",
                  "items": {
                    "type": "string"
                  }
                },
                "mood": {
                  "type": "string"
                }
              }
            },
            "method": "POST"
          }
        }
      },
      "actions": {
        "Initialize_variable_-_varAvailableDays": {
          "runAfter": {},
          "metadata": {
            "operationMetadataId": "d9b9a7e6-a9b5-4ded-86ad-151b026c272e"
          },
          "type": "InitializeVariable",
          "inputs": {
            "variables": [
              {
                "name": "varAvailableDays",
                "type": "array"
              }
            ]
          }
        },
        "Apply_to_each_-_Availability": {
          "foreach": "@triggerBody()?['availability']",
          "actions": {
            "Append_to_array_variable_-_varAvailableDays": {
              "runAfter": {},
              "metadata": {
                "operationMetadataId": "48c6f17b-ff75-473a-8481-69aee1bde6ff"
              },
              "type": "AppendToArrayVariable",
              "inputs": {
                "name": "varAvailableDays",
                "value": "@dayOfWeek(item())"
              }
            }
          },
          "runAfter": {
            "Initialize_variable_-_varAvailableDays": [
              "Succeeded"
            ]
          },
          "metadata": {
            "operationMetadataId": "cd2d8378-eb32-4af1-9574-85dd2e0f8ab5"
          },
          "type": "Foreach",
          "runtimeConfiguration": {
            "concurrency": {
              "repetitions": 50
            }
          }
        },
        "Compose_-_Week_number": {
          "runAfter": {
            "Apply_to_each_-_Availability": [
              "Succeeded"
            ]
          },
          "metadata": {
            "operationMetadataId": "f0fbf2fb-b21c-4668-8fad-1ad7ae280815"
          },
          "type": "Compose",
          "inputs": "@string(if(less(add(div(dayOfYear(utcNow()), 7), 2), 53), add(div(dayOfYear(utcNow()), 7), 2), 1))"
        },
        "Response_-_Return_200_OK": {
          "runAfter": {
            "Add_a_new_row_-_Save_availability_response": [
              "Succeeded"
            ]
          },
          "metadata": {
            "operationMetadataId": "a96f96d3-6dab-4c46-85e0-4d66b8e8e4e7"
          },
          "type": "Response",
          "kind": "Http",
          "inputs": {
            "statusCode": 200
          }
        },
        "Terminate_-_Run_succeeded": {
          "runAfter": {
            "Response_-_Return_200_OK": [
              "Succeeded",
              "Failed",
              "TimedOut"
            ]
          },
          "metadata": {
            "operationMetadataId": "12b33681-21c9-4bed-9c14-46e2b1623d0c"
          },
          "type": "Terminate",
          "inputs": {
            "runStatus": "Succeeded"
          }
        },
        "Add_a_new_row_-_Save_availability_response": {
          "runAfter": {
            "Compose_-_Week_number": [
              "Succeeded"
            ]
          },
          "metadata": {
            "operationMetadataId": "f6382b0c-b794-4692-9e5e-513f8979b3b1"
          },
          "type": "OpenApiConnection",
          "inputs": {
            "host": {
              "connectionName": "shared_commondataserviceforapps",
              "operationId": "CreateRecord",
              "apiId": "/providers/Microsoft.PowerApps/apis/shared_commondataserviceforapps"
            },
            "parameters": {
              "entityName": "cup_availabilities",
              "item/cup_partitionkey": "@concat(formatDateTime(utcNow(), 'yyyy'), '-', outputs('Compose_-_Week_number'))",
              "item/cup_friday": "@if(equals(contains(variables('varAvailableDays'), 5), true), true, false)",
              "item/cup_monday": "@if(equals(contains(variables('varAvailableDays'), 1), true), true, false)",
              "item/cup_mood": "@triggerBody()?['mood']",
              "item/cup_thursday": "@if(equals(contains(variables('varAvailableDays'), 4), true), true, false)",
              "item/cup_tuesday": "@if(equals(contains(variables('varAvailableDays'), 2), true), true, false)",
              "item/cup_wednesday": "@if(equals(contains(variables('varAvailableDays'), 3), true), true, false)"
            },
            "authentication": "@parameters('$authentication')"
          }
        }
      },
      "outputs": {}
    },
    "templateName": ""
  },
  "schemaVersion": "1.0.0.0"
}