<environmentvariabledefinition schemaname="cup_TeamMembers">
  <description default="The email addresses of the team members (delimited by a semicolon each) that should be included in the solution.">
    <label description="The email addresses of the team members (delimited by a semicolon each) that should be included in the solution." languagecode="1033" />
  </description>
  <displayname default="Team Members">
    <label description="Team Members" languagecode="1033" />
  </displayname>
  <introducedversion>1.0.0.0</introducedversion>
  <iscustomizable>1</iscustomizable>
  <isrequired>0</isrequired>
  <secretstore>0</secretstore>
  <type>100000000</type>
</environmentvariabledefinition>