<environmentvariabledefinition schemaname="cup_Language">
  <defaultvalue>EN</defaultvalue>
  <description default="The short language code that the solution should use for its correspondence. Currently supports EN and NL">
    <label description="The short language code that the solution should use for its correspondence. Currently supports EN and NL" languagecode="1033" />
  </description>
  <displayname default="Language">
    <label description="Language" languagecode="1033" />
  </displayname>
  <introducedversion>1.0.0.0</introducedversion>
  <iscustomizable>1</iscustomizable>
  <isrequired>0</isrequired>
  <secretstore>0</secretstore>
  <type>100000000</type>
</environmentvariabledefinition>