<environmentvariabledefinition schemaname="cup_SurveyPOSTUrl">
  <description default="Survey POST Url">
    <label description="Survey POST Url" languagecode="1033" />
  </description>
  <displayname default="Survey POST Url">
    <label description="Survey POST Url" languagecode="1033" />
  </displayname>
  <introducedversion>1.0.0.0</introducedversion>
  <iscustomizable>1</iscustomizable>
  <isrequired>0</isrequired>
  <secretstore>0</secretstore>
  <type>100000000</type>
</environmentvariabledefinition>