<ImportExportXml version="9.2.23022.178" SolutionPackageVersion="9.2" languagecode="1033" generatedBy="CrmLive" xmlns:xsi="http://www.w3.org/2001/XMLSchema-instance">
  <SolutionManifest>
    <UniqueName>TeamCollabDay</UniqueName>
    <LocalizedNames>
      <LocalizedName description="Team Collab Day" languagecode="1033" />
    </LocalizedNames>
    <Descriptions>
      <Description description="Automatically schedule a team collaboration day for the next week" languagecode="1033" />
    </Descriptions>
    <Version>1.0.0.0</Version>
    <Managed>0</Managed>
    <Publisher>
      <UniqueName>cupo365</UniqueName>
      <LocalizedNames>
        <LocalizedName description="cup o'365" languagecode="1033" />
      </LocalizedNames>
      <Descriptions>
        <Description description="Check out my GitHub" languagecode="1033" />
      </Descriptions>
      <EMailAddress>info@cupo365.gg</EMailAddress>
      <SupportingWebsiteUrl>https://cupo365.gg</SupportingWebsiteUrl>
      <CustomizationPrefix>cup</CustomizationPrefix>
      <CustomizationOptionValuePrefix>77102</CustomizationOptionValuePrefix>
      <Addresses>
        <Address>
          <AddressNumber>1</AddressNumber>
          <AddressTypeCode>1</AddressTypeCode>
          <City xsi:nil="true"></City>
          <County xsi:nil="true"></County>
          <Country xsi:nil="true"></Country>
          <Fax xsi:nil="true"></Fax>
          <FreightTermsCode xsi:nil="true"></FreightTermsCode>
          <ImportSequenceNumber xsi:nil="true"></ImportSequenceNumber>
          <Latitude xsi:nil="true"></Latitude>
          <Line1 xsi:nil="true"></Line1>
          <Line2 xsi:nil="true"></Line2>
          <Line3 xsi:nil="true"></Line3>
          <Longitude xsi:nil="true"></Longitude>
          <Name xsi:nil="true"></Name>
          <PostalCode xsi:nil="true"></PostalCode>
          <PostOfficeBox xsi:nil="true"></PostOfficeBox>
          <PrimaryContactName xsi:nil="true"></PrimaryContactName>
          <ShippingMethodCode>1</ShippingMethodCode>
          <StateOrProvince xsi:nil="true"></StateOrProvince>
          <Telephone1 xsi:nil="true"></Telephone1>
          <Telephone2 xsi:nil="true"></Telephone2>
          <Telephone3 xsi:nil="true"></Telephone3>
          <TimeZoneRuleVersionNumber xsi:nil="true"></TimeZoneRuleVersionNumber>
          <UPSZone xsi:nil="true"></UPSZone>
          <UTCOffset xsi:nil="true"></UTCOffset>
          <UTCConversionTimeZoneCode xsi:nil="true"></UTCConversionTimeZoneCode>
        </Address>
        <Address>
          <AddressNumber>2</AddressNumber>
          <AddressTypeCode>1</AddressTypeCode>
          <City xsi:nil="true"></City>
          <County xsi:nil="true"></County>
          <Country xsi:nil="true"></Country>
          <Fax xsi:nil="true"></Fax>
          <FreightTermsCode xsi:nil="true"></FreightTermsCode>
          <ImportSequenceNumber xsi:nil="true"></ImportSequenceNumber>
          <Latitude xsi:nil="true"></Latitude>
          <Line1 xsi:nil="true"></Line1>
          <Line2 xsi:nil="true"></Line2>
          <Line3 xsi:nil="true"></Line3>
          <Longitude xsi:nil="true"></Longitude>
          <Name xsi:nil="true"></Name>
          <PostalCode xsi:nil="true"></PostalCode>
          <PostOfficeBox xsi:nil="true"></PostOfficeBox>
          <PrimaryContactName xsi:nil="true"></PrimaryContactName>
          <ShippingMethodCode>1</ShippingMethodCode>
          <StateOrProvince xsi:nil="true"></StateOrProvince>
          <Telephone1 xsi:nil="true"></Telephone1>
          <Telephone2 xsi:nil="true"></Telephone2>
          <Telephone3 xsi:nil="true"></Telephone3>
          <TimeZoneRuleVersionNumber xsi:nil="true"></TimeZoneRuleVersionNumber>
          <UPSZone xsi:nil="true"></UPSZone>
          <UTCOffset xsi:nil="true"></UTCOffset>
          <UTCConversionTimeZoneCode xsi:nil="true"></UTCConversionTimeZoneCode>
        </Address>
      </Addresses>
    </Publisher>
    <RootComponents>
      <RootComponent type="1" schemaName="cup_availability" behavior="0" />
      <RootComponent type="9" schemaName="cup_mood" behavior="0" />
      <RootComponent type="29" id="{3472c85d-b3cc-ed11-b597-0022488b0bf9}" behavior="0" />
      <RootComponent type="29" id="{6f382e88-cecc-ed11-b597-0022488b0bf9}" behavior="0" />
      <RootComponent type="29" id="{cf0093eb-d2cc-ed11-b597-0022488b0bf9}" behavior="0" />
      <RootComponent type="29" id="{dc10f89d-aacc-ed11-b597-0022488b0bf9}" behavior="0" />
      <RootComponent type="61" schemaName="cup_MoodFrustrated" behavior="0" />
      <RootComponent type="61" schemaName="cup_MoodHappy" behavior="0" />
      <RootComponent type="61" schemaName="cup_MoodIndifferent" behavior="0" />
      <RootComponent type="61" schemaName="cup_MoodInspired" behavior="0" />
      <RootComponent type="61" schemaName="cup_MoodOverthemoon" behavior="0" />
      <RootComponent type="61" schemaName="cup_MoodSad" behavior="0" />
      <RootComponent type="61" schemaName="cup_MoodSleepy" behavior="0" />
      <RootComponent type="61" schemaName="cup_Survey" behavior="0" />
      <RootComponent type="61" schemaName="cup_SurveyClosed" behavior="0" />
      <RootComponent type="61" schemaName="cup_SurveyLogo" behavior="0" />
    </RootComponents>
    <MissingDependencies />
  </SolutionManifest>
</ImportExportXml>