<environmentvariabledefinition schemaname="cup_Timezone">
  <defaultvalue>(UTC+01:00) Amsterdam, Berlin, Bern, Rome, Stockholm, Vienna</defaultvalue>
  <description default="The timezone the solution will use">
    <label description="The timezone the solution will use" languagecode="1033" />
  </description>
  <displayname default="Timezone">
    <label description="Timezone" languagecode="1033" />
  </displayname>
  <introducedversion>1.0.0.0</introducedversion>
  <iscustomizable>1</iscustomizable>
  <isrequired>0</isrequired>
  <secretstore>0</secretstore>
  <type>100000000</type>
</environmentvariabledefinition>