<environmentvariabledefinition schemaname="cup_SurveySubmissions">
  <defaultvalue>yes</defaultvalue>
  <description default="Whether the survey should accept submissions.">
    <label description="Whether the survey should accept submissions." languagecode="1033" />
  </description>
  <displayname default="Survey Submissions">
    <label description="Survey Submissions" languagecode="1033" />
  </displayname>
  <introducedversion>1.0.0.0</introducedversion>
  <iscustomizable>1</iscustomizable>
  <isrequired>0</isrequired>
  <secretstore>0</secretstore>
  <type>100000002</type>
</environmentvariabledefinition>